doc_id,episodio,estado,inicio,fim,dias,censurado,mov_codigo_entrada,confianca
TJAL_436_JE_6534_07003312820198020006,1,distribuicao,2019-09-19T11:56:58Z,2019-09-19T11:57:02Z,4.62962962962963e-05,FALSE,26,alta
TJAL_436_JE_6534_07003312820198020006,2,conclusao,2019-09-19T11:57:02Z,2019-10-21T10:16:50Z,31.9304166666667,FALSE,51,alta
TJAL_436_JE_6534_07003312820198020006,3,secretaria,2019-10-21T10:16:50Z,2019-10-22T10:21:37Z,1.00332175925926,FALSE,11383,baixa
TJAL_436_JE_6534_07003312820198020006,4,citacao,2019-10-22T10:21:37Z,2019-11-20T10:44:26Z,29.0158449074074,FALSE,60,media
TJAL_436_JE_6534_07003312820198020006,5,conclusao,2019-11-20T10:44:26Z,2019-11-21T11:27:43Z,1.03005787037037,FALSE,51,alta
TJAL_436_JE_6534_07003312820198020006,6,secretaria,2019-11-21T11:27:43Z,2019-11-28T11:19:02Z,6.99396990740741,FALSE,11010,baixa
TJAL_436_JE_6534_07003312820198020006,7,conclusao,2019-11-28T11:19:02Z,2019-12-03T08:46:43Z,4.89422453703704,FALSE,51,alta
TJAL_436_JE_6534_07003312820198020006,8,secretaria,2019-12-03T08:46:43Z,2019-12-17T13:39:40Z,14.2034375,FALSE,60,baixa
TJAL_436_JE_6534_07003312820198020006,9,audiencia,2019-12-17T13:39:40Z,2019-12-18T11:48:35Z,0.922858796296296,FALSE,970,alta
TJAL_436_JE_6534_07003312820198020006,10,conclusao,2019-12-18T11:48:35Z,2020-01-17T09:17:52Z,29.8953356481482,FALSE,51,alta
TJAL_436_JE_6534_07003312820198020006,11,secretaria,2020-01-17T09:17:52Z,2020-02-17T13:27:16Z,31.1731944444444,FALSE,11010,baixa
TJAL_436_JE_6534_07003312820198020006,12,conclusao,2020-02-17T13:27:16Z,2020-02-20T10:26:24Z,2.87439814814815,FALSE,51,alta
TJAL_436_JE_6534_07003312820198020006,13,sentenca,2020-02-20T10:26:24Z,2020-02-20T20:20:32Z,0.412592592592593,FALSE,466,alta
TJAL_436_JE_6534_07003312820198020006,14,secretaria,2020-02-20T20:20:32Z,2020-02-28T14:06:24Z,7.74018518518519,FALSE,1061,baixa
TJAL_436_JE_6534_07003312820198020006,15,baixa,2020-02-28T14:06:24Z,2020-03-04T13:57:39Z,4.99392361111111,FALSE,22,alta
TJAL_436_JE_6534_07003312820198020006,16,secretaria,2020-03-04T13:57:39Z,2020-03-25T18:04:11Z,21.1712037037037,FALSE,849,alta
TJAL_436_JE_6534_07003312820198020006,17,conclusao,2020-03-25T18:04:11Z,2020-05-26T15:06:15Z,61.8764351851852,FALSE,51,alta
TJAL_436_JE_6534_07003312820198020006,18,secretaria,2020-05-26T15:06:15Z,2020-07-01T20:28:28Z,36.2237615740741,FALSE,11010,baixa
TJAL_436_JE_6534_07003312820198020006,19,conclusao,2020-07-01T20:28:28Z,2020-07-08T11:38:47Z,6.63216435185185,FALSE,51,alta
TJAL_436_JE_6534_07003312820198020006,20,secretaria,2020-07-08T11:38:47Z,2020-07-09T11:04:52Z,0.976446759259259,FALSE,11010,baixa
TJAL_436_JE_6534_07003312820198020006,21,baixa,2020-07-09T11:04:52Z,2023-08-07T23:26:13Z,1124.51482638889,TRUE,22,alta
TJAL_436_JE_6534_07003520420198020006,1,distribuicao,2019-09-20T11:40:57Z,2019-09-20T11:41:02Z,5.78703703703704e-05,FALSE,26,alta
TJAL_436_JE_6534_07003520420198020006,2,conclusao,2019-09-20T11:41:02Z,2019-10-21T10:44:34Z,30.960787037037,FALSE,51,alta
TJAL_436_JE_6534_07003520420198020006,3,secretaria,2019-10-21T10:44:34Z,2019-10-24T10:30:35Z,2.99028935185185,FALSE,11383,baixa
TJAL_436_JE_6534_07003520420198020006,4,citacao,2019-10-24T10:30:35Z,2019-12-04T15:38:33Z,41.2138657407407,FALSE,60,media
TJAL_436_JE_6534_07003520420198020006,5,audiencia,2019-12-04T15:38:33Z,2020-01-29T11:57:48Z,55.8467013888889,FALSE,970,alta
TJAL_436_JE_6534_07003520420198020006,6,conclusao,2020-01-29T11:57:48Z,2020-02-13T12:36:06Z,15.0265972222222,FALSE,51,alta
TJAL_436_JE_6534_07003520420198020006,7,sentenca,2020-02-13T12:36:06Z,2020-02-14T14:22:51Z,1.07413194444444,FALSE,220,alta
TJAL_436_JE_6534_07003520420198020006,8,secretaria,2020-02-14T14:22:51Z,2020-03-09T13:21:15Z,23.9572222222222,FALSE,1061,baixa
TJAL_436_JE_6534_07003520420198020006,9,baixa,2020-03-09T13:21:15Z,2023-08-07T23:26:13Z,1246.42011574074,TRUE,246,alta
TJAL_436_JE_6534_07003555620198020006,1,distribuicao,2019-09-20T12:08:04Z,2019-09-20T12:08:07Z,3.47222222222222e-05,FALSE,26,alta
TJAL_436_JE_6534_07003555620198020006,2,conclusao,2019-09-20T12:08:07Z,2019-10-21T10:44:49Z,30.9421527777778,FALSE,51,alta
TJAL_436_JE_6534_07003555620198020006,3,secretaria,2019-10-21T10:44:49Z,2019-10-24T10:34:41Z,2.99296296296296,FALSE,11383,baixa
TJAL_436_JE_6534_07003555620198020006,4,citacao,2019-10-24T10:34:41Z,2019-12-04T15:37:06Z,41.2100115740741,FALSE,60,media
TJAL_436_JE_6534_07003555620198020006,5,audiencia,2019-12-04T15:37:06Z,2020-01-29T11:31:04Z,55.8291435185185,FALSE,970,alta
TJAL_436_JE_6534_07003555620198020006,6,conclusao,2020-01-29T11:31:04Z,2020-06-01T11:22:59Z,123.994386574074,FALSE,51,alta
TJAL_436_JE_6534_07003555620198020006,7,sentenca,2020-06-01T11:22:59Z,2020-06-01T16:50:21Z,0.227337962962963,FALSE,219,alta
TJAL_436_JE_6534_07003555620198020006,8,secretaria,2020-06-01T16:50:21Z,2020-07-06T16:50:10Z,34.9998726851852,FALSE,1061,baixa
TJAL_436_JE_6534_07003555620198020006,9,conclusao,2020-07-06T16:50:10Z,2020-07-08T11:40:35Z,1.78501157407407,FALSE,51,alta
TJAL_436_JE_6534_07003555620198020006,10,secretaria,2020-07-08T11:40:35Z,2020-09-30T12:17:31Z,84.0256481481482,FALSE,11010,baixa
TJAL_436_JE_6534_07003555620198020006,11,baixa,2020-09-30T12:17:31Z,2023-08-07T23:26:13Z,1041.464375,TRUE,22,alta
TJAL_436_JE_6534_07003616320198020006,1,distribuicao,2019-09-20T16:00:45Z,2019-09-20T16:00:49Z,4.62962962962963e-05,FALSE,26,alta
TJAL_436_JE_6534_07003616320198020006,2,conclusao,2019-09-20T16:00:49Z,2019-10-21T10:45:31Z,30.7810416666667,FALSE,51,alta
TJAL_436_JE_6534_07003616320198020006,3,secretaria,2019-10-21T10:45:31Z,2019-10-22T12:57:54Z,1.09193287037037,FALSE,11383,baixa
TJAL_436_JE_6534_07003616320198020006,4,citacao,2019-10-22T12:57:54Z,2019-12-04T15:34:11Z,43.1085300925926,FALSE,60,media
TJAL_436_JE_6534_07003616320198020006,5,audiencia,2019-12-04T15:34:11Z,2019-12-06T13:26:37Z,1.91141203703704,FALSE,970,alta
TJAL_436_JE_6534_07003616320198020006,6,conclusao,2019-12-06T13:26:37Z,2019-12-10T15:10:38Z,4.0722337962963,FALSE,51,alta
TJAL_436_JE_6534_07003616320198020006,7,secretaria,2019-12-10T15:10:38Z,2020-01-14T14:12:45Z,34.9598032407407,FALSE,11010,baixa
TJAL_436_JE_6534_07003616320198020006,8,conclusao,2020-01-14T14:12:45Z,2020-02-13T14:14:13Z,30.0010185185185,FALSE,51,alta
TJAL_436_JE_6534_07003616320198020006,9,sentenca,2020-02-13T14:14:13Z,2020-02-14T14:22:52Z,1.00600694444444,FALSE,220,alta
TJAL_436_JE_6534_07003616320198020006,10,secretaria,2020-02-14T14:22:52Z,2020-03-10T08:05:03Z,24.7376273148148,FALSE,1061,baixa
TJAL_436_JE_6534_07003616320198020006,11,conclusao,2020-03-10T08:05:03Z,2020-03-10T08:17:42Z,0.00878472222222222,FALSE,51,alta
TJAL_436_JE_6534_07003616320198020006,12,secretaria,2020-03-10T08:17:42Z,2020-05-28T14:16:11Z,79.2489467592593,FALSE,60,baixa
TJAL_436_JE_6534_07003616320198020006,13,baixa,2020-05-28T14:16:11Z,2023-08-07T23:26:13Z,1166.38196759259,TRUE,246,alta
TJAL_436_JE_6534_07003624820198020006,1,distribuicao,2019-09-20T16:16:09Z,2019-09-20T16:16:11Z,2.31481481481482e-05,FALSE,26,alta
TJAL_436_JE_6534_07003624820198020006,2,conclusao,2019-09-20T16:16:11Z,2019-10-21T10:52:37Z,30.7753009259259,FALSE,51,alta
TJAL_436_JE_6534_07003624820198020006,3,secretaria,2019-10-21T10:52:37Z,2019-10-24T10:52:09Z,2.99967592592593,FALSE,11383,baixa
TJAL_436_JE_6534_07003624820198020006,4,citacao,2019-10-24T10:52:09Z,2019-12-04T11:25:33Z,41.0231944444444,FALSE,60,media
TJAL_436_JE_6534_07003624820198020006,5,conclusao,2019-12-04T11:25:33Z,2019-12-04T15:33:37Z,0.172268518518519,FALSE,51,alta
TJAL_436_JE_6534_07003624820198020006,6,audiencia,2019-12-04T15:33:37Z,2019-12-06T09:56:54Z,1.76616898148148,FALSE,970,alta
TJAL_436_JE_6534_07003624820198020006,7,secretaria,2019-12-06T09:56:54Z,2019-12-11T07:37:07Z,4.90292824074074,FALSE,11010,baixa
TJAL_436_JE_6534_07003624820198020006,8,conclusao,2019-12-11T07:37:07Z,2019-12-12T11:24:38Z,1.15799768518519,FALSE,51,alta
TJAL_436_JE_6534_07003624820198020006,9,secretaria,2019-12-12T11:24:38Z,2019-12-19T12:29:14Z,7.04486111111111,FALSE,92,baixa
TJAL_436_JE_6534_07003624820198020006,10,sentenca,2019-12-19T12:29:14Z,2020-01-06T11:04:41Z,17.9412847222222,FALSE,463,alta
TJAL_436_JE_6534_07003624820198020006,11,baixa,2020-01-06T11:04:41Z,2020-01-07T08:02:49Z,0.873703703703704,FALSE,246,alta
TJAL_436_JE_6534_07003624820198020006,12,secretaria,2020-01-07T08:02:49Z,2020-01-29T09:17:36Z,22.0519328703704,FALSE,1061,baixa
TJAL_436_JE_6534_07003624820198020006,13,baixa,2020-01-29T09:17:36Z,2023-08-07T23:26:13Z,1286.58931712963,TRUE,22,alta
TJAL_436_JE_6534_07003694020198020006,1,distribuicao,2019-09-23T12:05:43Z,2019-09-23T12:05:46Z,3.47222222222222e-05,FALSE,26,alta
TJAL_436_JE_6534_07003694020198020006,2,conclusao,2019-09-23T12:05:46Z,2019-10-21T10:53:06Z,27.949537037037,FALSE,51,alta
TJAL_436_JE_6534_07003694020198020006,3,secretaria,2019-10-21T10:53:06Z,2019-10-23T09:00:42Z,1.92194444444444,FALSE,11383,baixa
TJAL_436_JE_6534_07003694020198020006,4,citacao,2019-10-23T09:00:42Z,2019-12-04T15:31:42Z,42.2715277777778,FALSE,60,media
TJAL_436_JE_6534_07003694020198020006,5,audiencia,2019-12-04T15:31:42Z,2019-12-09T09:46:09Z,4.76003472222222,FALSE,970,alta
TJAL_436_JE_6534_07003694020198020006,6,conclusao,2019-12-09T09:46:09Z,2020-01-08T10:28:49Z,30.0296296296296,FALSE,51,alta
TJAL_436_JE_6534_07003694020198020006,7,secretaria,2020-01-08T10:28:49Z,2020-02-12T15:15:48Z,35.1992939814815,FALSE,11010,baixa
TJAL_436_JE_6534_07003694020198020006,8,conclusao,2020-02-12T15:15:48Z,2020-04-08T15:06:18Z,55.9934027777778,FALSE,51,alta
TJAL_436_JE_6534_07003694020198020006,9,sentenca,2020-04-08T15:06:18Z,2020-04-13T13:34:05Z,4.93596064814815,FALSE,466,alta
TJAL_436_JE_6534_07003694020198020006,10,baixa,2020-04-13T13:34:05Z,2020-04-14T10:56:46Z,0.890752314814815,FALSE,22,alta
TJAL_436_JE_6534_07003694020198020006,11,secretaria,2020-04-14T10:56:46Z,2023-08-07T23:26:13Z,1210.52045138889,TRUE,1061,baixa
TJAL_436_JE_6534_07003737720198020006,1,distribuicao,2019-09-23T15:12:13Z,2019-09-23T15:12:18Z,5.78703703703704e-05,FALSE,26,alta
TJAL_436_JE_6534_07003737720198020006,2,conclusao,2019-09-23T15:12:18Z,2019-10-21T10:53:27Z,27.8202430555556,FALSE,51,alta
TJAL_436_JE_6534_07003737720198020006,3,secretaria,2019-10-21T10:53:27Z,2019-10-22T10:41:05Z,0.991412037037037,FALSE,11383,baixa
TJAL_436_JE_6534_07003737720198020006,4,citacao,2019-10-22T10:41:05Z,2019-11-12T15:17:38Z,21.1920486111111,FALSE,60,media
TJAL_436_JE_6534_07003737720198020006,5,conclusao,2019-11-12T15:17:38Z,2019-11-19T15:26:30Z,7.00615740740741,FALSE,51,alta
TJAL_436_JE_6534_07003737720198020006,6,secretaria,2019-11-19T15:26:30Z,2019-11-28T10:54:07Z,8.81084490740741,FALSE,11010,baixa
TJAL_436_JE_6534_07003737720198020006,7,conclusao,2019-11-28T10:54:07Z,2019-12-04T15:30:15Z,6.19175925925926,FALSE,51,alta
TJAL_436_JE_6534_07003737720198020006,8,audiencia,2019-12-04T15:30:15Z,2019-12-06T09:56:33Z,1.76826388888889,FALSE,970,alta
TJAL_436_JE_6534_07003737720198020006,9,secretaria,2019-12-06T09:56:33Z,2019-12-19T08:59:06Z,12.9601041666667,FALSE,11010,baixa
TJAL_436_JE_6534_07003737720198020006,10,conclusao,2019-12-19T08:59:06Z,2020-01-17T10:09:56Z,29.0491898148148,FALSE,51,alta
TJAL_436_JE_6534_07003737720198020006,11,sentenca,2020-01-17T10:09:56Z,2020-01-17T20:23:03Z,0.425775462962963,FALSE,466,alta
TJAL_436_JE_6534_07003737720198020006,12,secretaria,2020-01-17T20:23:03Z,2020-01-24T12:52:38Z,6.68721064814815,FALSE,1061,baixa
TJAL_436_JE_6534_07003737720198020006,13,citacao,2020-01-24T12:52:38Z,2020-02-07T09:08:36Z,13.8444212962963,FALSE,60,media
TJAL_436_JE_6534_07003737720198020006,14,conclusao,2020-02-07T09:08:36Z,2020-05-26T14:45:27Z,109.233923611111,FALSE,51,alta
TJAL_436_JE_6534_07003737720198020006,15,secretaria,2020-05-26T14:45:27Z,2020-07-30T13:18:06Z,64.9393402777778,FALSE,11010,baixa
TJAL_436_JE_6534_07003737720198020006,16,baixa,2020-07-30T13:18:06Z,2023-08-07T23:26:13Z,1103.42230324074,TRUE,22,alta
TJAL_436_JE_6534_07003823920198020006,1,distribuicao,2019-09-23T17:51:23Z,2019-09-23T17:51:27Z,4.62962962962963e-05,FALSE,26,alta
TJAL_436_JE_6534_07003823920198020006,2,conclusao,2019-09-23T17:51:27Z,2019-10-21T11:07:07Z,27.719212962963,FALSE,51,alta
TJAL_436_JE_6534_07003823920198020006,3,secretaria,2019-10-21T11:07:07Z,2019-10-24T11:49:18Z,3.02929398148148,FALSE,11383,baixa
TJAL_436_JE_6534_07003823920198020006,4,citacao,2019-10-24T11:49:18Z,2019-10-24T13:54:43Z,0.0870949074074074,FALSE,60,media
TJAL_436_JE_6534_07003823920198020006,5,secretaria,2019-10-24T13:54:43Z,2019-11-04T14:04:19Z,11.0066666666667,FALSE,1061,baixa
TJAL_436_JE_6534_07003823920198020006,6,conclusao,2019-11-04T14:04:19Z,2019-11-21T11:07:58Z,16.8775347222222,FALSE,51,alta
TJAL_436_JE_6534_07003823920198020006,7,secretaria,2019-11-21T11:07:58Z,2019-11-27T12:03:42Z,6.0387037037037,FALSE,11010,baixa
TJAL_436_JE_6534_07003823920198020006,8,citacao,2019-11-27T12:03:42Z,2019-11-27T20:34:25Z,0.354664351851852,FALSE,60,media
TJAL_436_JE_6534_07003823920198020006,9,secretaria,2019-11-27T20:34:25Z,2019-12-18T15:27:50Z,20.7870949074074,FALSE,1061,baixa
TJAL_436_JE_6534_07003823920198020006,10,conclusao,2019-12-18T15:27:50Z,2020-01-08T10:30:08Z,20.7932638888889,FALSE,51,alta
TJAL_436_JE_6534_07003823920198020006,11,secretaria,2020-01-08T10:30:08Z,2020-01-20T14:31:29Z,12.1676041666667,FALSE,11010,baixa
TJAL_436_JE_6534_07003823920198020006,12,conclusao,2020-01-20T14:31:29Z,2020-01-28T10:06:47Z,7.81618055555556,FALSE,51,alta
TJAL_436_JE_6534_07003823920198020006,13,sentenca,2020-01-28T10:06:47Z,2020-01-28T20:34:01Z,0.435578703703704,FALSE,466,alta
TJAL_436_JE_6534_07003823920198020006,14,secretaria,2020-01-28T20:34:01Z,2020-02-07T09:09:48Z,9.52484953703704,FALSE,1061,baixa
TJAL_436_JE_6534_07003823920198020006,15,conclusao,2020-02-07T09:09:48Z,2020-02-11T15:49:31Z,4.27758101851852,FALSE,51,alta
TJAL_436_JE_6534_07003823920198020006,16,secretaria,2020-02-11T15:49:31Z,2020-02-14T14:08:27Z,2.92981481481481,FALSE,11010,baixa
TJAL_436_JE_6534_07003823920198020006,17,citacao,2020-02-14T14:08:27Z,2020-02-19T08:26:02Z,4.76221064814815,FALSE,60,media
TJAL_436_JE_6534_07003823920198020006,18,secretaria,2020-02-19T08:26:02Z,2020-02-20T09:27:49Z,1.04290509259259,FALSE,60,baixa
TJAL_436_JE_6534_07003823920198020006,19,conclusao,2020-02-20T09:27:49Z,2020-04-14T19:29:07Z,54.4175694444445,FALSE,51,alta
TJAL_436_JE_6534_07003823920198020006,20,citacao,2020-04-14T19:29:07Z,2020-06-17T12:48:36Z,63.7218634259259,FALSE,60,media
TJAL_436_JE_6534_07003823920198020006,21,secretaria,2020-06-17T12:48:36Z,2020-07-07T13:36:43Z,20.0334143518519,FALSE,11010,baixa
TJAL_436_JE_6534_07003823920198020006,22,citacao,2020-07-07T13:36:43Z,2020-07-16T11:04:07Z,8.89402777777778,FALSE,60,media
TJAL_436_JE_6534_07003823920198020006,23,conclusao,2020-07-16T11:04:07Z,2020-08-24T10:09:49Z,38.9622916666667,FALSE,51,alta
TJAL_436_JE_6534_07003823920198020006,24,secretaria,2020-08-24T10:09:49Z,2020-08-25T11:06:07Z,1.03909722222222,FALSE,11010,baixa
TJAL_436_JE_6534_07003823920198020006,25,baixa,2020-08-25T11:06:07Z,2020-10-06T16:08:05Z,42.2096990740741,FALSE,22,alta
TJAL_436_JE_6534_07003823920198020006,26,conclusao,2020-10-06T16:08:05Z,2020-10-20T10:56:33Z,13.7836574074074,FALSE,51,alta
TJAL_436_JE_6534_07003823920198020006,27,secretaria,2020-10-20T10:56:33Z,2023-08-07T23:26:13Z,1021.52060185185,TRUE,11010,baixa
TJAL_436_JE_6534_07003832420198020006,1,distribuicao,2019-09-23T17:58:04Z,2019-09-23T17:58:06Z,2.31481481481482e-05,FALSE,26,alta
TJAL_436_JE_6534_07003832420198020006,2,conclusao,2019-09-23T17:58:06Z,2019-10-21T11:07:14Z,27.7146759259259,FALSE,51,alta
TJAL_436_JE_6534_07003832420198020006,3,secretaria,2019-10-21T11:07:14Z,2019-10-22T10:41:15Z,0.981956018518519,FALSE,11383,baixa
TJAL_436_JE_6534_07003832420198020006,4,citacao,2019-10-22T10:41:15Z,2019-11-27T16:21:40Z,36.236400462963,FALSE,60,media
TJAL_436_JE_6534_07003832420198020006,5,conclusao,2019-11-27T16:21:40Z,2019-11-30T17:52:11Z,3.0628587962963,FALSE,51,alta
TJAL_436_JE_6534_07003832420198020006,6,secretaria,2019-11-30T17:52:11Z,2019-12-04T14:46:47Z,3.87125,FALSE,11010,baixa
TJAL_436_JE_6534_07003832420198020006,7,audiencia,2019-12-04T14:46:47Z,2019-12-19T08:59:30Z,14.7588310185185,FALSE,970,alta
TJAL_436_JE_6534_07003832420198020006,8,conclusao,2019-12-19T08:59:30Z,2020-01-02T14:44:11Z,14.2393634259259,FALSE,51,alta
TJAL_436_JE_6534_07003832420198020006,9,sentenca,2020-01-02T14:44:11Z,2020-01-02T20:21:50Z,0.234479166666667,FALSE,466,alta
TJAL_436_JE_6534_07003832420198020006,10,secretaria,2020-01-02T20:21:50Z,2020-01-08T11:40:34Z,5.63800925925926,FALSE,1061,baixa
TJAL_436_JE_6534_07003832420198020006,11,conclusao,2020-01-08T11:40:34Z,2020-01-17T09:40:27Z,8.91658564814815,FALSE,51,alta
TJAL_436_JE_6534_07003832420198020006,12,secretaria,2020-01-17T09:40:27Z,2020-01-20T13:17:02Z,3.15040509259259,FALSE,11010,baixa
TJAL_436_JE_6534_07003832420198020006,13,citacao,2020-01-20T13:17:02Z,2020-02-28T12:45:17Z,38.9779513888889,FALSE,60,media
TJAL_436_JE_6534_07003832420198020006,14,secretaria,2020-02-28T12:45:17Z,2020-02-28T12:46:09Z,0.000601851851851852,FALSE,60,baixa
TJAL_436_JE_6534_07003832420198020006,15,conclusao,2020-02-28T12:46:09Z,2020-05-26T15:03:17Z,88.0952314814815,FALSE,51,alta
TJAL_436_JE_6534_07003832420198020006,16,secretaria,2020-05-26T15:03:17Z,2020-05-28T14:08:26Z,1.96190972222222,FALSE,11010,baixa
TJAL_436_JE_6534_07003832420198020006,17,baixa,2020-05-28T14:08:26Z,2023-08-07T23:26:13Z,1166.38734953704,TRUE,246,alta
TJAL_436_JE_6534_07003867620198020006,1,distribuicao,2019-09-24T09:21:53Z,2019-09-24T09:21:56Z,3.47222222222222e-05,FALSE,26,alta
TJAL_436_JE_6534_07003867620198020006,2,conclusao,2019-09-24T09:21:56Z,2019-10-21T09:56:21Z,27.023900462963,FALSE,51,alta
TJAL_436_JE_6534_07003867620198020006,3,secretaria,2019-10-21T09:56:21Z,2019-10-22T13:29:45Z,1.14819444444444,FALSE,11383,baixa
TJAL_436_JE_6534_07003867620198020006,4,citacao,2019-10-22T13:29:45Z,2019-12-18T10:17:48Z,56.8667013888889,FALSE,60,media
TJAL_436_JE_6534_07003867620198020006,5,conclusao,2019-12-18T10:17:48Z,2020-01-15T13:39:13Z,28.1398726851852,FALSE,51,alta
TJAL_436_JE_6534_07003867620198020006,6,audiencia,2020-01-15T13:39:13Z,2020-01-17T09:17:42Z,1.8183912037037,FALSE,970,alta
TJAL_436_JE_6534_07003867620198020006,7,secretaria,2020-01-17T09:17:42Z,2020-02-17T13:26:21Z,31.1726736111111,FALSE,11010,baixa
TJAL_436_JE_6534_07003867620198020006,8,conclusao,2020-02-17T13:26:21Z,2020-04-17T10:03:59Z,59.8594675925926,FALSE,51,alta
TJAL_436_JE_6534_07003867620198020006,9,sentenca,2020-04-17T10:03:59Z,2020-04-17T20:19:23Z,0.427361111111111,FALSE,220,alta
TJAL_436_JE_6534_07003867620198020006,10,secretaria,2020-04-17T20:19:23Z,2020-06-13T17:32:59Z,56.8844444444445,FALSE,1061,baixa
TJAL_436_JE_6534_07003867620198020006,11,baixa,2020-06-13T17:32:59Z,2023-08-07T23:26:13Z,1150.24530092593,TRUE,22,alta
TJAL_7_G2_43593_00007150520118020041,1,secretaria,2019-10-24T16:27:26Z,2020-05-25T16:16:01Z,213.992071759259,FALSE,11010,baixa
TJAL_7_G2_43593_00007150520118020041,2,julgamento_recursal,2020-05-25T16:16:01Z,2020-05-26T11:10:18Z,0.787696759259259,FALSE,461,alta
TJAL_7_G2_43593_00007150520118020041,3,secretaria,2020-05-26T11:10:18Z,2020-07-31T10:59:33Z,65.9925347222222,FALSE,92,baixa
TJAL_7_G2_43593_00007150520118020041,4,baixa,2020-07-31T10:59:33Z,2020-08-18T16:34:44Z,18.2327662037037,TRUE,246,alta
TJAL_7_G2_43593_08028397020198020000,1,distribuicao,2019-05-21T10:44:59Z,2019-05-21T10:46:25Z,0.00099537037037037,FALSE,26,alta
TJAL_7_G2_43593_08028397020198020000,2,conclusao,2019-05-21T10:46:25Z,2019-05-30T14:51:49Z,9.17041666666667,FALSE,51,alta
TJAL_7_G2_43593_08028397020198020000,3,secretaria,2019-05-30T14:51:49Z,2019-07-31T13:33:21Z,61.9455092592593,FALSE,892,baixa
TJAL_7_G2_43593_08028397020198020000,4,conclusao,2019-07-31T13:33:21Z,2019-11-05T08:33:37Z,96.7918518518518,FALSE,51,alta
TJAL_7_G2_43593_08028397020198020000,5,secretaria,2019-11-05T08:33:37Z,2019-11-08T09:19:05Z,3.03157407407407,FALSE,11010,baixa
TJAL_7_G2_43593_08028397020198020000,6,conclusao,2019-11-08T09:19:05Z,2021-07-09T10:30:49Z,609.049814814815,FALSE,51,alta
TJAL_7_G2_43593_08028397020198020000,7,julgamento_recursal,2021-07-09T10:30:49Z,2021-12-10T11:55:28Z,154.058784722222,FALSE,461,alta
TJAL_7_G2_43593_08028397020198020000,8,baixa,2021-12-10T11:55:28Z,2022-01-05T18:58:07Z,26.2935069444444,TRUE,246,alta
TJAL_7_G2_43596_08082717020198020000,1,distribuicao,2019-12-19T12:51:06Z,2019-12-20T10:00:19Z,0.881400462962963,FALSE,26,alta
TJAL_7_G2_43596_08082717020198020000,2,secretaria,2019-12-20T10:00:19Z,2020-02-13T14:51:37Z,55.2022916666667,FALSE,11010,baixa
TJAL_7_G2_43596_08082717020198020000,3,julgamento_recursal,2020-02-13T14:51:37Z,2020-02-18T10:08:01Z,4.80305555555556,FALSE,235,alta
TJAL_7_G2_43596_08082717020198020000,4,secretaria,2020-02-18T10:08:01Z,2020-10-05T13:12:38Z,230.128206018519,TRUE,92,baixa
TJAL_7_G2_80064_08011880320198020000,1,distribuicao,2019-02-28T15:44:40Z,2019-02-28T15:48:31Z,0.00267361111111111,FALSE,26,alta
TJAL_7_G2_80064_08011880320198020000,2,conclusao,2019-02-28T15:48:31Z,2019-03-01T13:40:23Z,0.911018518518519,FALSE,51,alta
TJAL_7_G2_80064_08011880320198020000,3,secretaria,2019-03-01T13:40:23Z,2019-05-07T10:35:30Z,66.8716087962963,FALSE,11010,baixa
TJAL_7_G2_80064_08011880320198020000,4,conclusao,2019-05-07T10:35:30Z,2019-11-12T15:38:51Z,189.210659722222,FALSE,51,alta
TJAL_7_G2_80064_08011880320198020000,5,julgamento_recursal,2019-11-12T15:38:51Z,2019-11-14T08:44:28Z,1.7122337962963,FALSE,235,alta
TJAL_7_G2_80064_08011880320198020000,6,secretaria,2019-11-14T08:44:28Z,2021-08-13T12:35:26Z,638.160393518519,FALSE,92,baixa
TJAL_7_G2_80064_08011880320198020000,7,baixa,2021-08-13T12:35:26Z,2021-10-16T00:21:42Z,63.490462962963,TRUE,246,alta
TJAL_7_TR_43593_07223253520168020001,1,secretaria,2018-12-19T13:28:33Z,2020-01-06T07:36:57Z,382.755833333333,FALSE,11010,baixa
TJAL_7_TR_43593_07223253520168020001,2,conclusao,2020-01-06T07:36:57Z,2022-05-04T10:30:43Z,849.120671296296,TRUE,51,alta
TJAL_7_TR_43593_08003831020198029002,1,conclusao,2020-01-07T16:04:11Z,2022-05-05T17:33:45Z,849.062199074074,TRUE,51,alta
TJAL_7_TR_43593_08011907020198020000,1,distribuicao,2019-02-28T15:44:43Z,2019-02-28T15:52:27Z,0.00537037037037037,FALSE,26,alta
TJAL_7_TR_43593_08011907020198020000,2,conclusao,2019-02-28T15:52:27Z,2019-03-01T13:40:13Z,0.908171296296296,FALSE,51,alta
TJAL_7_TR_43593_08011907020198020000,3,secretaria,2019-03-01T13:40:13Z,2019-05-23T13:03:46Z,82.9746875,FALSE,11010,baixa
TJAL_7_TR_43593_08011907020198020000,4,conclusao,2019-05-23T13:03:46Z,2019-06-17T07:51:57Z,24.7834606481482,FALSE,51,alta
TJAL_7_TR_43593_08011907020198020000,5,secretaria,2019-06-17T07:51:57Z,2019-07-04T12:29:05Z,17.1924537037037,FALSE,11010,baixa
TJAL_7_TR_43593_08011907020198020000,6,conclusao,2019-07-04T12:29:05Z,2019-09-25T12:43:45Z,83.0101851851852,FALSE,51,alta
TJAL_7_TR_43593_08011907020198020000,7,secretaria,2019-09-25T12:43:45Z,2019-09-25T18:58:41Z,0.26037037037037,FALSE,11010,baixa
TJAL_7_TR_43593_08011907020198020000,8,conclusao,2019-09-25T18:58:41Z,2019-09-26T15:30:10Z,0.855196759259259,FALSE,51,alta
TJAL_7_TR_43593_08011907020198020000,9,secretaria,2019-09-26T15:30:10Z,2019-09-27T11:07:11Z,0.817372685185185,FALSE,11010,baixa
TJAL_7_TR_43593_08011907020198020000,10,conclusao,2019-09-27T11:07:11Z,2019-10-01T16:51:51Z,4.23935185185185,FALSE,51,alta
TJAL_7_TR_43593_08011907020198020000,11,secretaria,2019-10-01T16:51:51Z,2019-10-11T08:44:49Z,9.66178240740741,FALSE,11010,baixa
TJAL_7_TR_43593_08011907020198020000,12,conclusao,2019-10-11T08:44:49Z,2020-09-01T14:00:32Z,326.219247685185,FALSE,51,alta
TJAL_7_TR_43593_08011907020198020000,13,secretaria,2020-09-01T14:00:32Z,2020-09-01T21:07:50Z,0.296736111111111,FALSE,11383,baixa
TJAL_7_TR_43593_08011907020198020000,14,conclusao,2020-09-01T21:07:50Z,2020-10-06T12:49:16Z,34.6537731481482,FALSE,51,alta
TJAL_7_TR_43593_08011907020198020000,15,julgamento_recursal,2020-10-06T12:49:16Z,2020-10-14T07:57:10Z,7.79715277777778,FALSE,235,alta
TJAL_7_TR_43593_08011907020198020000,16,secretaria,2020-10-14T07:57:10Z,2021-01-11T10:42:19Z,89.1146875,FALSE,92,baixa
TJAL_7_TR_43593_08011907020198020000,17,conclusao,2021-01-11T10:42:19Z,2021-01-12T07:55:29Z,0.884143518518519,FALSE,51,alta
TJAL_7_TR_43593_08011907020198020000,18,secretaria,2021-01-12T07:55:29Z,2021-01-12T10:41:56Z,0.115590277777778,FALSE,11383,baixa
TJAL_7_TR_43593_08011907020198020000,19,conclusao,2021-01-12T10:41:56Z,2021-03-17T15:35:45Z,64.2040393518519,FALSE,51,alta
TJAL_7_TR_43593_08011907020198020000,20,secretaria,2021-03-17T15:35:45Z,2021-03-23T09:44:48Z,5.75628472222222,FALSE,11010,baixa
TJAL_7_TR_43593_08011907020198020000,21,conclusao,2021-03-23T09:44:48Z,2021-05-10T12:47:35Z,48.1269328703704,FALSE,51,alta
TJAL_7_TR_43593_08011907020198020000,22,secretaria,2021-05-10T12:47:35Z,2021-05-19T16:26:12Z,9.15181712962963,FALSE,11010,baixa
TJAL_7_TR_43593_08011907020198020000,23,conclusao,2021-05-19T16:26:12Z,2021-05-20T13:01:47Z,0.858043981481482,FALSE,51,alta
TJAL_7_TR_43593_08011907020198020000,24,secretaria,2021-05-20T13:01:47Z,2021-07-08T13:16:50Z,49.0104513888889,FALSE,11010,baixa
TJAL_7_TR_43593_08011907020198020000,25,conclusao,2021-07-08T13:16:50Z,2021-07-09T13:05:06Z,0.991851851851852,FALSE,51,alta
TJAL_7_TR_43593_08011907020198020000,26,secretaria,2021-07-09T13:05:06Z,2021-08-26T10:34:19Z,47.8952893518519,FALSE,11010,baixa
TJAL_7_TR_43593_08011907020198020000,27,baixa,2021-08-26T10:34:19Z,2022-03-25T10:55:45Z,211.014884259259,FALSE,246,alta
TJAL_7_TR_43593_08011907020198020000,28,conclusao,2022-03-25T10:55:45Z,2022-03-28T12:31:09Z,3.06625,FALSE,51,alta
TJAL_7_TR_43593_08011907020198020000,29,secretaria,2022-03-28T12:31:09Z,2022-03-31T09:37:59Z,2.87974537037037,FALSE,11010,baixa
TJAL_7_TR_43593_08011907020198020000,30,conclusao,2022-03-31T09:37:59Z,2022-04-04T09:38:13Z,4.00016203703704,FALSE,51,alta
TJAL_7_TR_43593_08011907020198020000,31,secretaria,2022-04-04T09:38:13Z,2022-05-05T17:33:19Z,31.3299305555556,TRUE,893,alta
TJAL_7_TR_43593_08014530520198020000,1,distribuicao,2019-03-18T14:14:07Z,2019-03-18T14:15:08Z,0.000706018518518519,FALSE,26,alta
TJAL_7_TR_43593_08014530520198020000,2,conclusao,2019-03-18T14:15:08Z,2019-03-18T15:46:49Z,0.0636689814814815,FALSE,51,alta
TJAL_7_TR_43593_08014530520198020000,3,secretaria,2019-03-18T15:46:49Z,2019-04-11T08:42:19Z,23.7052083333333,FALSE,11010,baixa
TJAL_7_TR_43593_08014530520198020000,4,conclusao,2019-04-11T08:42:19Z,2019-04-15T13:35:20Z,4.2034837962963,FALSE,51,alta
TJAL_7_TR_43593_08014530520198020000,5,secretaria,2019-04-15T13:35:20Z,2019-04-25T12:23:10Z,9.94988425925926,FALSE,11010,baixa
TJAL_7_TR_43593_08014530520198020000,6,conclusao,2019-04-25T12:23:10Z,2019-09-25T12:43:04Z,153.013819444444,FALSE,51,alta
TJAL_7_TR_43593_08014530520198020000,7,secretaria,2019-09-25T12:43:04Z,2019-09-25T18:58:41Z,0.260844907407407,FALSE,11010,baixa
TJAL_7_TR_43593_08014530520198020000,8,conclusao,2019-09-25T18:58:41Z,2019-09-26T15:30:06Z,0.855150462962963,FALSE,51,alta
TJAL_7_TR_43593_08014530520198020000,9,secretaria,2019-09-26T15:30:06Z,2019-09-27T11:07:11Z,0.817418981481482,FALSE,11010,baixa
TJAL_7_TR_43593_08014530520198020000,10,conclusao,2019-09-27T11:07:11Z,2020-06-16T16:09:19Z,263.209814814815,FALSE,51,alta
TJAL_7_TR_43593_08014530520198020000,11,julgamento_recursal,2020-06-16T16:09:19Z,2020-06-19T08:55:48Z,2.69894675925926,FALSE,221,alta
TJAL_7_TR_43593_08014530520198020000,12,secretaria,2020-06-19T08:55:48Z,2021-01-20T10:54:54Z,215.082708333333,FALSE,92,baixa
TJAL_7_TR_43593_08014530520198020000,13,conclusao,2021-01-20T10:54:54Z,2021-03-25T15:47:04Z,64.2028935185185,FALSE,51,alta
TJAL_7_TR_43593_08014530520198020000,14,secretaria,2021-03-25T15:47:04Z,2021-04-05T09:22:46Z,10.733125,FALSE,339,baixa
TJAL_7_TR_43593_08014530520198020000,15,conclusao,2021-04-05T09:22:46Z,2021-05-10T12:46:47Z,35.1416782407407,FALSE,51,alta
TJAL_7_TR_43593_08014530520198020000,16,secretaria,2021-05-10T12:46:47Z,2021-05-19T16:34:52Z,9.1583912037037,FALSE,11010,baixa
TJAL_7_TR_43593_08014530520198020000,17,conclusao,2021-05-19T16:34:52Z,2021-06-23T12:16:30Z,34.8205787037037,FALSE,51,alta
TJAL_7_TR_43593_08014530520198020000,18,secretaria,2021-06-23T12:16:30Z,2021-08-17T11:41:33Z,54.9757291666667,FALSE,11010,baixa
TJAL_7_TR_43593_08014530520198020000,19,conclusao,2021-08-17T11:41:33Z,2021-08-18T12:50:55Z,1.0481712962963,FALSE,51,alta
TJAL_7_TR_43593_08014530520198020000,20,secretaria,2021-08-18T12:50:55Z,2021-09-01T09:47:58Z,13.8729513888889,FALSE,11010,baixa
TJAL_7_TR_43593_08014530520198020000,21,conclusao,2021-09-01T09:47:58Z,2022-02-22T12:32:44Z,174.114421296296,FALSE,51,alta
TJAL_7_TR_43593_08014530520198020000,22,secretaria,2022-02-22T12:32:44Z,2022-02-23T10:51:50Z,0.929930555555556,FALSE,11010,baixa
TJAL_7_TR_43593_08014530520198020000,23,baixa,2022-02-23T10:51:50Z,2022-03-25T10:51:05Z,29.9994791666667,FALSE,246,alta
TJAL_7_TR_43593_08014530520198020000,24,conclusao,2022-03-25T10:51:05Z,2022-03-28T12:31:05Z,3.06944444444444,FALSE,51,alta
TJAL_7_TR_43593_08014530520198020000,25,secretaria,2022-03-28T12:31:05Z,2022-05-05T17:33:40Z,38.2101273148148,TRUE,11010,baixa
TJAL_7_TR_43593_08054534820198020000,1,distribuicao,2019-09-04T16:41:55Z,2019-09-04T16:43:09Z,0.000856481481481482,FALSE,26,alta
TJAL_7_TR_43593_08054534820198020000,2,conclusao,2019-09-04T16:43:09Z,2019-09-17T14:47:21Z,12.9195833333333,FALSE,51,alta
TJAL_7_TR_43593_08054534820198020000,3,secretaria,2019-09-17T14:47:21Z,2019-11-05T09:34:00Z,48.7823958333333,FALSE,11010,baixa
TJAL_7_TR_43593_08054534820198020000,4,conclusao,2019-11-05T09:34:00Z,2020-09-01T13:36:08Z,301.168148148148,FALSE,51,alta
TJAL_7_TR_43593_08054534820198020000,5,secretaria,2020-09-01T13:36:08Z,2020-09-01T22:53:31Z,0.387071759259259,FALSE,11383,baixa
TJAL_7_TR_43593_08054534820198020000,6,conclusao,2020-09-01T22:53:31Z,2021-01-04T09:22:14Z,124.436608796296,FALSE,51,alta
TJAL_7_TR_43593_08054534820198020000,7,secretaria,2021-01-04T09:22:14Z,2021-01-05T11:12:23Z,1.07649305555556,FALSE,11383,baixa
TJAL_7_TR_43593_08054534820198020000,8,conclusao,2021-01-05T11:12:23Z,2022-05-04T10:30:44Z,483.971076388889,TRUE,51,alta
TJAL_7_TR_43593_08083825420198020000,1,distribuicao,2019-12-30T11:41:24Z,2019-12-30T11:41:28Z,4.62962962962963e-05,FALSE,26,alta
TJAL_7_TR_43593_08083825420198020000,2,conclusao,2019-12-30T11:41:28Z,2022-05-05T17:33:22Z,857.244375,TRUE,51,alta
TJCE_G1_00006675020198060107,1,distribuicao,2019-02-15T11:55:29Z,2019-02-18T10:36:01Z,2.94481481481482,FALSE,26,alta
TJCE_G1_00006675020198060107,2,conclusao,2019-02-18T10:36:01Z,2019-03-21T11:15:55Z,31.0277083333333,FALSE,51,alta
TJCE_G1_00006675020198060107,3,secretaria,2019-03-21T11:15:55Z,2019-03-21T11:17:45Z,0.00127314814814815,FALSE,123,baixa
TJCE_G1_00006675020198060107,4,conclusao,2019-03-21T11:17:45Z,2019-03-27T15:46:34Z,6.18667824074074,FALSE,51,alta
TJCE_G1_00006675020198060107,5,secretaria,2019-03-27T15:46:34Z,2019-05-13T13:46:20Z,46.9165046296296,FALSE,123,baixa
TJCE_G1_00006675020198060107,6,citacao,2019-05-13T13:46:20Z,2019-05-21T11:03:35Z,7.88697916666667,FALSE,60,media
TJCE_G1_00006675020198060107,7,secretaria,2019-05-21T11:03:35Z,2019-06-18T11:00:17Z,27.9977083333333,FALSE,11383,baixa
TJCE_G1_00006675020198060107,8,defesa,2019-06-18T11:00:17Z,2019-06-18T15:19:19Z,0.179884259259259,FALSE,85,alta
TJCE_G1_00006675020198060107,9,secretaria,2019-06-18T15:19:19Z,2019-07-22T14:14:14Z,33.9548032407407,FALSE,1061,baixa
TJCE_G1_00006675020198060107,10,conclusao,2019-07-22T14:14:14Z,2019-07-30T14:45:20Z,8.02159722222222,FALSE,51,alta
TJCE_G1_00006675020198060107,11,sentenca,2019-07-30T14:45:20Z,2019-07-31T15:41:50Z,1.03923611111111,FALSE,466,alta
TJCE_G1_00006675020198060107,12,secretaria,2019-07-31T15:41:50Z,2020-03-03T12:20:04Z,215.859884259259,FALSE,123,baixa
TJCE_G1_00006675020198060107,13,conclusao,2020-03-03T12:20:04Z,2020-03-04T13:56:38Z,1.06706018518519,FALSE,51,alta
TJCE_G1_00006675020198060107,14,secretaria,2020-03-04T13:56:38Z,2021-06-02T16:02:05Z,455.087118055556,FALSE,123,baixa
TJCE_G1_00006675020198060107,15,conclusao,2021-06-02T16:02:05Z,2021-07-06T12:06:37Z,33.8364814814815,FALSE,51,alta
TJCE_G1_00006675020198060107,16,secretaria,2021-07-06T12:06:37Z,2021-08-26T12:40:25Z,51.0234722222222,FALSE,11010,baixa
TJCE_G1_00006675020198060107,17,conclusao,2021-08-26T12:40:25Z,2022-01-29T12:53:26Z,156.009039351852,FALSE,51,alta
TJCE_G1_00006675020198060107,18,secretaria,2022-01-29T12:53:26Z,2022-04-25T08:39:27Z,85.8236226851852,FALSE,123,baixa
TJCE_G1_00006675020198060107,19,conclusao_julgamento,2022-04-25T08:39:27Z,2022-04-29T22:25:56Z,4.57394675925926,FALSE,51,alta
TJCE_G1_00006675020198060107,20,secretaria,2022-04-29T22:25:56Z,2022-04-29T22:25:56Z,0,FALSE,60,baixa
TJCE_G1_00006675020198060107,21,sentenca,2022-04-29T22:25:56Z,2022-05-02T12:22:47Z,2.58114583333333,FALSE,219,alta
TJCE_G1_00006675020198060107,22,secretaria,2022-05-02T12:22:47Z,2022-06-29T15:00:32Z,58.1095486111111,FALSE,60,baixa
TJCE_G1_00006675020198060107,23,cumprimento,2022-06-29T15:00:32Z,2022-07-23T02:20:42Z,23.472337962963,FALSE,85,media
TJCE_G1_00006675020198060107,24,secretaria,2022-07-23T02:20:42Z,2022-10-20T16:34:02Z,89.5925925925926,FALSE,1051,baixa
TJCE_G1_00006675020198060107,25,conclusao,2022-10-20T16:34:02Z,2023-03-21T16:14:28Z,151.986412037037,FALSE,51,alta
TJCE_G1_00006675020198060107,26,secretaria,2023-03-21T16:14:28Z,2024-10-16T11:16:21Z,574.792974537037,FALSE,11010,baixa
TJCE_G1_00006675020198060107,27,conclusao,2024-10-16T11:16:21Z,2024-11-23T13:39:15Z,38.0992361111111,FALSE,51,alta
TJCE_G1_00006675020198060107,28,secretaria,2024-11-23T13:39:15Z,2025-05-29T07:07:57Z,186.728263888889,FALSE,12164,baixa
TJCE_G1_00006675020198060107,29,conclusao,2025-05-29T07:07:57Z,2025-07-31T09:29:11Z,63.0980787037037,FALSE,51,alta
TJCE_G1_00006675020198060107,30,secretaria,2025-07-31T09:29:11Z,2025-09-02T13:45:21Z,33.1778935185185,FALSE,12164,baixa
TJCE_G1_00006675020198060107,31,recurso,2025-09-02T13:45:21Z,2025-10-13T13:11:29Z,40.9764814814815,TRUE,123,alta
TJCE_G1_00011608520198060120,1,distribuicao,2019-08-09T10:41:15Z,2019-08-09T11:51:13Z,0.048587962962963,FALSE,26,alta
TJCE_G1_00011608520198060120,2,conclusao,2019-08-09T11:51:13Z,2019-08-28T17:42:28Z,19.2439236111111,FALSE,51,alta
TJCE_G1_00011608520198060120,3,secretaria,2019-08-28T17:42:28Z,2019-09-03T10:34:05Z,5.70251157407407,FALSE,11010,baixa
TJCE_G1_00011608520198060120,4,citacao,2019-09-03T10:34:05Z,2019-10-16T08:21:43Z,42.9080787037037,FALSE,60,media
TJCE_G1_00011608520198060120,5,secretaria,2019-10-16T08:21:43Z,2019-11-05T16:27:37Z,20.3374305555556,FALSE,1061,baixa
TJCE_G1_00011608520198060120,6,defesa,2019-11-05T16:27:37Z,2019-11-06T10:01:40Z,0.731979166666667,FALSE,85,alta
TJCE_G1_00011608520198060120,7,secretaria,2019-11-06T10:01:40Z,2019-11-06T10:12:02Z,0.00719907407407407,FALSE,60,baixa
TJCE_G1_00011608520198060120,8,conclusao,2019-11-06T10:12:02Z,2019-12-10T05:20:55Z,33.7978356481482,FALSE,51,alta
TJCE_G1_00011608520198060120,9,secretaria,2019-12-10T05:20:55Z,2020-02-12T10:15:21Z,64.2044675925926,FALSE,11383,baixa
TJCE_G1_00011608520198060120,10,conclusao,2020-02-12T10:15:21Z,2020-04-08T00:20:59Z,55.5872453703704,FALSE,51,alta
TJCE_G1_00011608520198060120,11,secretaria,2020-04-08T00:20:59Z,2020-07-19T02:49:31Z,102.103148148148,FALSE,11383,baixa
TJCE_G1_00011608520198060120,12,defesa,2020-07-19T02:49:31Z,2020-07-19T02:49:48Z,0.000196759259259259,FALSE,85,alta
TJCE_G1_00011608520198060120,13,conclusao,2020-07-19T02:49:48Z,2020-09-29T09:33:09Z,72.2801041666667,FALSE,51,alta
TJCE_G1_00011608520198060120,14,defesa,2020-09-29T09:33:09Z,2021-02-18T15:13:06Z,142.236076388889,FALSE,85,alta
TJCE_G1_00011608520198060120,15,secretaria,2021-02-18T15:13:06Z,2021-04-20T22:58:44Z,61.3233564814815,FALSE,11010,baixa
TJCE_G1_00011608520198060120,16,conclusao,2021-04-20T22:58:44Z,2022-06-30T23:07:28Z,436.006064814815,FALSE,51,alta
TJCE_G1_00011608520198060120,17,secretaria,2022-06-30T23:07:28Z,2022-09-26T12:12:05Z,87.5448726851852,FALSE,11010,baixa
TJCE_G1_00011608520198060120,18,conclusao,2022-09-26T12:12:05Z,2022-09-28T17:17:07Z,2.2118287037037,FALSE,51,alta
TJCE_G1_00011608520198060120,19,secretaria,2022-09-28T17:17:07Z,2023-05-05T14:41:17Z,218.891782407407,FALSE,11010,baixa
TJCE_G1_00011608520198060120,20,conclusao,2023-05-05T14:41:17Z,2023-08-31T08:38:55Z,117.748356481481,FALSE,51,alta
TJCE_G1_00011608520198060120,21,secretaria,2023-08-31T08:38:55Z,2024-04-10T21:27:06Z,223.533460648148,FALSE,60,baixa
TJCE_G1_00011608520198060120,22,conclusao,2024-04-10T21:27:06Z,2024-07-29T15:01:00Z,109.731875,FALSE,51,alta
TJCE_G1_00011608520198060120,23,secretaria,2024-07-29T15:01:00Z,2025-10-13T12:57:02Z,440.913912037037,TRUE,11010,baixa
TJCE_G1_00013829420198060074,1,distribuicao,2019-09-10T11:13:21Z,2019-09-10T11:20:03Z,0.00465277777777778,FALSE,26,alta
TJCE_G1_00013829420198060074,2,conclusao,2019-09-10T11:20:03Z,2019-09-26T10:58:30Z,15.9850347222222,FALSE,51,alta
TJCE_G1_00013829420198060074,3,secretaria,2019-09-26T10:58:30Z,2019-11-04T15:16:14Z,39.1789814814815,FALSE,11010,baixa
TJCE_G1_00013829420198060074,4,conclusao,2019-11-04T15:16:14Z,2019-12-10T00:24:19Z,35.3806134259259,FALSE,51,alta
TJCE_G1_00013829420198060074,5,secretaria,2019-12-10T00:24:19Z,2020-07-17T13:56:19Z,220.563888888889,FALSE,11383,baixa
TJCE_G1_00013829420198060074,6,conclusao,2020-07-17T13:56:19Z,2020-09-10T15:48:14Z,55.0777199074074,FALSE,51,alta
TJCE_G1_00013829420198060074,7,secretaria,2020-09-10T15:48:14Z,2020-09-14T14:20:06Z,3.9387962962963,FALSE,11010,baixa
TJCE_G1_00013829420198060074,8,citacao,2020-09-14T14:20:06Z,2020-09-16T17:41:29Z,2.13984953703704,FALSE,60,media
TJCE_G1_00013829420198060074,9,secretaria,2020-09-16T17:41:29Z,2020-10-26T11:31:05Z,39.7427777777778,FALSE,60,baixa
TJCE_G1_00013829420198060074,10,conclusao,2020-10-26T11:31:05Z,2020-11-09T13:28:34Z,14.0815856481482,FALSE,51,alta
TJCE_G1_00013829420198060074,11,secretaria,2020-11-09T13:28:34Z,2022-12-07T12:27:12Z,757.957384259259,FALSE,60,baixa
TJCE_G1_00013829420198060074,12,conclusao,2022-12-07T12:27:12Z,2023-03-18T13:20:14Z,101.036828703704,FALSE,51,alta
TJCE_G1_00013829420198060074,13,secretaria,2023-03-18T13:20:14Z,2024-04-01T22:39:25Z,380.388321759259,FALSE,11010,baixa
TJCE_G1_00013829420198060074,14,conclusao,2024-04-01T22:39:25Z,2024-04-16T10:19:15Z,14.4859953703704,FALSE,51,alta
TJCE_G1_00013829420198060074,15,secretaria,2024-04-16T10:19:15Z,2024-10-21T13:33:55Z,188.135185185185,FALSE,11010,baixa
TJCE_G1_00013829420198060074,16,citacao,2024-10-21T13:33:55Z,2024-10-23T21:23:54Z,2.32637731481482,FALSE,60,media
TJCE_G1_00013829420198060074,17,secretaria,2024-10-23T21:23:54Z,2025-02-17T17:36:57Z,116.842395833333,FALSE,123,baixa
TJCE_G1_00013829420198060074,18,conclusao,2025-02-17T17:36:57Z,2025-02-19T15:37:02Z,1.91672453703704,FALSE,51,alta
TJCE_G1_00013829420198060074,19,secretaria,2025-02-19T15:37:02Z,2025-03-07T08:22:58Z,15.6985648148148,FALSE,11010,baixa
TJCE_G1_00013829420198060074,20,conclusao,2025-03-07T08:22:58Z,2025-07-25T15:19:56Z,140.289560185185,FALSE,51,alta
TJCE_G1_00013829420198060074,21,secretaria,2025-07-25T15:19:56Z,2025-09-22T09:22:30Z,58.7517824074074,FALSE,11010,baixa
TJCE_G1_00013829420198060074,22,conclusao,2025-09-22T09:22:30Z,2025-10-13T12:47:03Z,21.1420486111111,TRUE,51,alta
TJCE_G1_00038314420198060100,1,distribuicao,2019-10-15T11:06:16Z,2019-11-14T10:52:02Z,29.9901157407407,FALSE,26,alta
TJCE_G1_00038314420198060100,2,conclusao,2019-11-14T10:52:02Z,2019-12-10T01:50:04Z,25.6236342592593,FALSE,51,alta
TJCE_G1_00038314420198060100,3,secretaria,2019-12-10T01:50:04Z,2020-02-10T01:24:43Z,61.9823958333333,FALSE,11383,baixa
TJCE_G1_00038314420198060100,4,sentenca,2020-02-10T01:24:43Z,2020-06-01T07:49:53Z,112.267476851852,FALSE,461,alta
TJCE_G1_00038314420198060100,5,secretaria,2020-06-01T07:49:53Z,2020-08-06T16:51:56Z,66.3764236111111,FALSE,11383,baixa
TJCE_G1_00038314420198060100,6,recurso,2020-08-06T16:51:56Z,2020-08-13T17:45:14Z,7.03701388888889,FALSE,85,alta
TJCE_G1_00038314420198060100,7,conclusao,2020-08-13T17:45:14Z,2020-08-19T19:38:59Z,6.07899305555556,FALSE,51,alta
TJCE_G1_00038314420198060100,8,secretaria,2020-08-19T19:38:59Z,2020-12-03T12:32:24Z,105.703761574074,FALSE,60,baixa
TJCE_G1_00038314420198060100,9,citacao,2020-12-03T12:32:24Z,2020-12-15T18:43:51Z,12.2579513888889,FALSE,60,media
TJCE_G1_00038314420198060100,10,secretaria,2020-12-15T18:43:51Z,2021-03-02T09:38:49Z,76.6215046296296,FALSE,123,baixa
TJCE_G1_00038314420198060100,11,conclusao,2021-03-02T09:38:49Z,2021-10-07T09:41:45Z,219.002037037037,FALSE,51,alta
TJCE_G1_00038314420198060100,12,secretaria,2021-10-07T09:41:45Z,2021-10-12T21:23:35Z,5.48738425925926,FALSE,60,baixa
TJCE_G1_00038314420198060100,13,citacao,2021-10-12T21:23:35Z,2021-10-16T11:26:13Z,3.58516203703704,FALSE,60,media
TJCE_G1_00038314420198060100,14,secretaria,2021-10-16T11:26:13Z,2022-07-08T11:36:14Z,265.006956018519,FALSE,123,baixa
TJCE_G1_00038314420198060100,15,conclusao,2022-07-08T11:36:14Z,2022-07-11T10:43:54Z,2.96365740740741,FALSE,51,alta
TJCE_G1_00038314420198060100,16,secretaria,2022-07-11T10:43:54Z,2024-06-28T17:43:00Z,718.291041666667,FALSE,11010,baixa
TJCE_G1_00038314420198060100,17,recurso,2024-06-28T17:43:00Z,2024-09-27T15:04:36Z,90.89,FALSE,123,alta
TJCE_G1_00038314420198060100,18,conclusao,2024-09-27T15:04:36Z,2024-11-06T18:02:14Z,40.1233564814815,FALSE,51,alta
TJCE_G1_00038314420198060100,19,secretaria,2024-11-06T18:02:14Z,2025-05-08T13:46:10Z,182.822175925926,FALSE,12164,baixa
TJCE_G1_00038314420198060100,20,defesa,2025-05-08T13:46:10Z,2025-05-12T15:12:39Z,4.06005787037037,FALSE,85,alta
TJCE_G1_00038314420198060100,21,audiencia,2025-05-12T15:12:39Z,2025-06-23T10:09:43Z,41.7896296296296,FALSE,970,alta
TJCE_G1_00038314420198060100,22,conclusao,2025-06-23T10:09:43Z,2025-08-06T14:28:33Z,44.1797453703704,FALSE,51,alta
TJCE_G1_00038314420198060100,23,secretaria,2025-08-06T14:28:33Z,2025-08-06T15:21:28Z,0.0367476851851852,FALSE,12646,baixa
TJCE_G1_00038314420198060100,24,conclusao_julgamento,2025-08-06T15:21:28Z,2025-08-11T14:01:26Z,4.9444212962963,FALSE,51,alta
TJCE_G1_00038314420198060100,25,sentenca,2025-08-11T14:01:26Z,2025-08-18T00:00:00Z,6.4156712962963,FALSE,221,alta
TJCE_G1_00038314420198060100,26,secretaria,2025-08-18T00:00:00Z,2025-09-10T16:50:12Z,23.7015277777778,FALSE,1061,baixa
TJCE_G1_00038314420198060100,27,conclusao,2025-09-10T16:50:12Z,2025-10-13T13:16:37Z,32.8516782407407,TRUE,51,alta
TJCE_G1_00038903220198060100,1,distribuicao,2019-10-16T13:36:55Z,2019-11-26T16:09:51Z,41.1062037037037,FALSE,26,alta
TJCE_G1_00038903220198060100,2,conclusao,2019-11-26T16:09:51Z,2019-12-10T01:50:35Z,13.403287037037,FALSE,51,alta
TJCE_G1_00038903220198060100,3,secretaria,2019-12-10T01:50:35Z,2020-02-28T13:53:39Z,80.5021296296297,FALSE,11383,baixa
TJCE_G1_00038903220198060100,4,sentenca,2020-02-28T13:53:39Z,2020-05-29T09:14:44Z,90.8063078703704,FALSE,461,alta
TJCE_G1_00038903220198060100,5,secretaria,2020-05-29T09:14:44Z,2020-09-21T09:46:30Z,115.022060185185,FALSE,11383,baixa
TJCE_G1_00038903220198060100,6,recurso,2020-09-21T09:46:30Z,2020-09-21T09:53:01Z,0.00452546296296296,FALSE,85,alta
TJCE_G1_00038903220198060100,7,conclusao,2020-09-21T09:53:01Z,2020-12-01T10:23:09Z,71.0209259259259,FALSE,51,alta
TJCE_G1_00038903220198060100,8,secretaria,2020-12-01T10:23:09Z,2021-03-08T12:21:12Z,97.0819791666667,FALSE,123,baixa
TJCE_G1_00038903220198060100,9,conclusao,2021-03-08T12:21:12Z,2021-10-16T11:28:00Z,221.963055555556,FALSE,51,alta
TJCE_G1_00038903220198060100,10,secretaria,2021-10-16T11:28:00Z,2022-02-04T14:15:43Z,111.116469907407,FALSE,123,baixa
TJCE_G1_00038903220198060100,11,citacao,2022-02-04T14:15:43Z,2022-06-29T10:20:39Z,144.836759259259,FALSE,60,media
TJCE_G1_00038903220198060100,12,conclusao,2022-06-29T10:20:39Z,2022-07-11T10:02:38Z,11.9874884259259,FALSE,51,alta
TJCE_G1_00038903220198060100,13,secretaria,2022-07-11T10:02:38Z,2022-07-27T14:12:08Z,16.1732638888889,FALSE,11010,baixa
TJCE_G1_00038903220198060100,14,recurso,2022-07-27T14:12:08Z,2023-04-17T16:56:45Z,264.11431712963,FALSE,123,alta
TJCE_G1_00038903220198060100,15,secretaria,2023-04-17T16:56:45Z,2023-07-24T14:25:46Z,97.895150462963,FALSE,60,baixa
TJCE_G1_00038903220198060100,16,conclusao,2023-07-24T14:25:46Z,2024-09-08T12:22:16Z,411.914236111111,FALSE,51,alta
TJCE_G1_00038903220198060100,17,secretaria,2024-09-08T12:22:16Z,2025-05-18T12:10:57Z,251.992141203704,FALSE,11010,baixa
TJCE_G1_00038903220198060100,18,conclusao,2025-05-18T12:10:57Z,2025-08-05T18:47:38Z,79.2754745370371,FALSE,51,alta
TJCE_G1_00038903220198060100,19,secretaria,2025-08-05T18:47:38Z,2025-08-08T15:59:46Z,2.88342592592593,FALSE,12646,baixa
TJCE_G1_00038903220198060100,20,conclusao,2025-08-08T15:59:46Z,2025-08-08T16:32:01Z,0.0223958333333333,FALSE,51,alta
TJCE_G1_00038903220198060100,21,sentenca,2025-08-08T16:32:01Z,2025-08-11T00:00:00Z,2.31109953703704,FALSE,454,alta
TJCE_G1_00038903220198060100,22,secretaria,2025-08-11T00:00:00Z,2025-09-05T18:48:33Z,25.7837152777778,FALSE,1061,baixa
TJCE_G1_00038903220198060100,23,baixa,2025-09-05T18:48:33Z,2025-10-13T13:16:37Z,37.7694907407407,TRUE,246,alta
TJCE_G1_00082927620198060062,1,distribuicao,2019-08-14T08:31:59Z,2019-08-14T08:32:00Z,1.15740740740741e-05,FALSE,26,alta
TJCE_G1_00082927620198060062,2,conclusao,2019-08-14T08:32:00Z,2019-08-20T10:08:54Z,6.06729166666667,FALSE,51,alta
TJCE_G1_00082927620198060062,3,secretaria,2019-08-20T10:08:54Z,2019-10-18T11:03:33Z,59.0379513888889,FALSE,12164,baixa
TJCE_G1_00082927620198060062,4,citacao,2019-10-18T11:03:33Z,2019-11-18T15:42:25Z,31.1936574074074,FALSE,60,media
TJCE_G1_00082927620198060062,5,secretaria,2019-11-18T15:42:25Z,2020-08-06T12:06:42Z,261.850196759259,FALSE,1061,baixa
TJCE_G1_00082927620198060062,6,conclusao,2020-08-06T12:06:42Z,2020-08-10T14:09:42Z,4.08541666666667,FALSE,51,alta
TJCE_G1_00082927620198060062,7,secretaria,2020-08-10T14:09:42Z,2020-08-17T14:07:30Z,6.99847222222222,FALSE,11010,baixa
TJCE_G1_00082927620198060062,8,conclusao,2020-08-17T14:07:30Z,2020-09-08T13:10:32Z,21.9604398148148,FALSE,51,alta
TJCE_G1_00082927620198060062,9,conclusao_julgamento,2020-09-08T13:10:32Z,2020-11-10T14:45:54Z,63.0662268518519,FALSE,51,alta
TJCE_G1_00082927620198060062,10,secretaria,2020-11-10T14:45:54Z,2021-03-10T17:26:19Z,120.111400462963,FALSE,12164,baixa
TJCE_G1_00082927620198060062,11,citacao,2021-03-10T17:26:19Z,2021-03-11T10:32:53Z,0.712893518518519,FALSE,60,media
TJCE_G1_00082927620198060062,12,secretaria,2021-03-11T10:32:53Z,2021-05-10T07:33:08Z,59.8751736111111,FALSE,11383,baixa
TJCE_G1_00082927620198060062,13,conclusao,2021-05-10T07:33:08Z,2021-06-14T11:32:57Z,35.1665393518519,FALSE,51,alta
TJCE_G1_00082927620198060062,14,secretaria,2021-06-14T11:32:57Z,2021-12-03T14:28:39Z,172.122013888889,FALSE,11010,baixa
TJCE_G1_00082927620198060062,15,conclusao,2021-12-03T14:28:39Z,2021-12-03T15:54:12Z,0.0594097222222222,FALSE,51,alta
TJCE_G1_00082927620198060062,16,secretaria,2021-12-03T15:54:12Z,2022-01-28T07:55:55Z,55.6678587962963,FALSE,11010,baixa
TJCE_G1_00082927620198060062,17,conclusao,2022-01-28T07:55:55Z,2022-05-12T15:30:58Z,104.316006944444,FALSE,51,alta
TJCE_G1_00082927620198060062,18,secretaria,2022-05-12T15:30:58Z,2023-03-06T13:21:15Z,297.909918981482,FALSE,11010,baixa
TJCE_G1_00082927620198060062,19,conclusao,2023-03-06T13:21:15Z,2023-07-18T11:03:27Z,133.904305555556,FALSE,51,alta
TJCE_G1_00082927620198060062,20,secretaria,2023-07-18T11:03:27Z,2023-08-08T16:54:20Z,21.2436689814815,FALSE,11010,baixa
TJCE_G1_00082927620198060062,21,citacao,2023-08-08T16:54:20Z,2023-08-09T02:28:31Z,0.398738425925926,FALSE,60,media
TJCE_G1_00082927620198060062,22,secretaria,2023-08-09T02:28:31Z,2023-09-12T14:06:08Z,34.4844560185185,FALSE,11383,baixa
TJCE_G1_00082927620198060062,23,instrucao,2023-09-12T14:06:08Z,2023-09-12T15:16:31Z,0.0488773148148148,FALSE,12387,alta
TJCE_G1_00082927620198060062,24,citacao,2023-09-12T15:16:31Z,2023-09-15T13:30:50Z,2.9266087962963,FALSE,60,media
TJCE_G1_00082927620198060062,25,secretaria,2023-09-15T13:30:50Z,2023-11-07T17:39:58Z,53.1730092592593,FALSE,60,baixa
TJCE_G1_00082927620198060062,26,audiencia,2023-11-07T17:39:58Z,2023-11-23T10:23:41Z,15.697025462963,FALSE,12740,media
TJCE_G1_00082927620198060062,27,conclusao,2023-11-23T10:23:41Z,2024-02-06T10:16:24Z,74.9949421296296,FALSE,51,alta
TJCE_G1_00082927620198060062,28,secretaria,2024-02-06T10:16:24Z,2024-07-16T15:52:27Z,161.233368055556,FALSE,60,baixa
TJCE_G1_00082927620198060062,29,conclusao,2024-07-16T15:52:27Z,2024-11-02T02:04:15Z,108.424861111111,FALSE,51,alta
TJCE_G1_00082927620198060062,30,secretaria,2024-11-02T02:04:15Z,2024-12-17T14:24:03Z,45.51375,FALSE,123,baixa
TJCE_G1_00082927620198060062,31,conclusao,2024-12-17T14:24:03Z,2025-05-16T15:54:41Z,150.062939814815,FALSE,51,alta
TJCE_G1_00082927620198060062,32,secretaria,2025-05-16T15:54:41Z,2025-10-13T12:38:56Z,149.8640625,TRUE,11010,baixa
TJCE_G1_00300206920198060129,1,distribuicao,2019-10-22T11:41:00Z,2019-10-22T11:41:01Z,1.15740740740741e-05,FALSE,26,alta
TJCE_G1_00300206920198060129,2,conclusao,2019-10-22T11:41:01Z,2020-01-13T17:31:49Z,83.2436111111111,FALSE,51,alta
TJCE_G1_00300206920198060129,3,secretaria,2020-01-13T17:31:49Z,2020-08-12T10:57:13Z,211.725972222222,FALSE,11010,baixa
TJCE_G1_00300206920198060129,4,conclusao,2020-08-12T10:57:13Z,2020-08-21T23:23:57Z,9.51856481481481,FALSE,51,alta
TJCE_G1_00300206920198060129,5,secretaria,2020-08-21T23:23:57Z,2020-09-01T11:57:52Z,10.5235532407407,FALSE,11010,baixa
TJCE_G1_00300206920198060129,6,citacao,2020-09-01T11:57:52Z,2020-09-01T14:07:13Z,0.0898263888888889,FALSE,60,media
TJCE_G1_00300206920198060129,7,secretaria,2020-09-01T14:07:13Z,2020-12-15T10:34:53Z,104.852546296296,FALSE,11383,baixa
TJCE_G1_00300206920198060129,8,conclusao,2020-12-15T10:34:53Z,2021-10-15T18:43:36Z,304.339386574074,FALSE,51,alta
TJCE_G1_00300206920198060129,9,secretaria,2021-10-15T18:43:36Z,2022-02-03T11:24:03Z,110.694756944444,FALSE,11010,baixa
TJCE_G1_00300206920198060129,10,conclusao,2022-02-03T11:24:03Z,2022-08-09T19:57:32Z,187.356585648148,FALSE,51,alta
TJCE_G1_00300206920198060129,11,secretaria,2022-08-09T19:57:32Z,2022-08-09T21:25:08Z,0.0608333333333333,FALSE,11010,baixa
TJCE_G1_00300206920198060129,12,citacao,2022-08-09T21:25:08Z,2022-09-17T16:45:34Z,38.8058564814815,FALSE,60,media
TJCE_G1_00300206920198060129,13,secretaria,2022-09-17T16:45:34Z,2022-09-20T08:31:56Z,2.65719907407407,FALSE,60,baixa
TJCE_G1_00300206920198060129,14,conclusao,2022-09-20T08:31:56Z,2022-09-20T08:32:44Z,0.000555555555555556,FALSE,51,alta
TJCE_G1_00300206920198060129,15,secretaria,2022-09-20T08:32:44Z,2023-01-27T14:05:39Z,129.23119212963,FALSE,11383,baixa
TJCE_G1_00300206920198060129,16,conclusao,2023-01-27T14:05:39Z,2023-01-27T14:19:31Z,0.00962962962962963,FALSE,51,alta
TJCE_G1_00300206920198060129,17,secretaria,2023-01-27T14:19:31Z,2023-02-16T14:28:04Z,20.0059375,FALSE,60,baixa
TJCE_G1_00300206920198060129,18,conclusao,2023-02-16T14:28:04Z,2023-06-27T18:38:10Z,131.173680555556,FALSE,51,alta
TJCE_G1_00300206920198060129,19,secretaria,2023-06-27T18:38:10Z,2023-11-14T16:29:34Z,139.910694444444,FALSE,941,baixa
TJCE_G1_00300206920198060129,20,conclusao,2023-11-14T16:29:34Z,2024-01-22T16:07:17Z,68.984525462963,FALSE,51,alta
TJCE_G1_00300206920198060129,21,secretaria,2024-01-22T16:07:17Z,2024-02-23T17:01:22Z,32.0375578703704,FALSE,11010,baixa
TJCE_G1_00300206920198060129,22,conclusao,2024-02-23T17:01:22Z,2024-12-18T14:15:04Z,298.884513888889,FALSE,51,alta
TJCE_G1_00300206920198060129,23,conclusao_julgamento,2024-12-18T14:15:04Z,2024-12-18T14:21:12Z,0.00425925925925926,FALSE,51,alta
TJCE_G1_00300206920198060129,24,sentenca,2024-12-18T14:21:12Z,2025-01-10T12:37:38Z,22.9280787037037,FALSE,11381,alta
TJCE_G1_00300206920198060129,25,conclusao,2025-01-10T12:37:38Z,2025-02-12T00:00:00Z,32.4738657407407,FALSE,51,alta
TJCE_G1_00300206920198060129,26,secretaria,2025-02-12T00:00:00Z,2025-02-28T16:21:06Z,16.6813194444444,FALSE,1061,baixa
TJCE_G1_00300206920198060129,27,conclusao,2025-02-28T16:21:06Z,2025-05-07T15:06:25Z,67.9481365740741,FALSE,51,alta
TJCE_G1_00300206920198060129,28,secretaria,2025-05-07T15:06:25Z,2025-05-08T11:24:39Z,0.84599537037037,FALSE,11010,baixa
TJCE_G1_00300206920198060129,29,recurso,2025-05-08T11:24:39Z,2025-08-07T11:28:02Z,91.002349537037,FALSE,123,alta
TJCE_G1_00300206920198060129,30,secretaria,2025-08-07T11:28:02Z,2025-08-07T11:28:08Z,6.94444444444445e-05,FALSE,849,alta
TJCE_G1_00300206920198060129,31,conclusao,2025-08-07T11:28:08Z,2025-09-21T18:12:57Z,45.2811226851852,FALSE,51,alta
TJCE_G1_00300206920198060129,32,secretaria,2025-09-21T18:12:57Z,2025-10-13T12:56:59Z,21.7805787037037,TRUE,11010,baixa
TJCE_G1_00534634520198060098,1,distribuicao,2019-10-09T13:25:49Z,2019-10-09T13:25:50Z,1.15740740740741e-05,FALSE,26,alta
TJCE_G1_00534634520198060098,2,conclusao,2019-10-09T13:25:50Z,2019-12-18T18:15:14Z,70.2009722222222,FALSE,51,alta
TJCE_G1_00534634520198060098,3,secretaria,2019-12-18T18:15:14Z,2021-10-13T08:31:58Z,664.594953703704,FALSE,11010,baixa
TJCE_G1_00534634520198060098,4,citacao,2021-10-13T08:31:58Z,2021-10-13T10:40:05Z,0.0889699074074074,FALSE,60,media
TJCE_G1_00534634520198060098,5,secretaria,2021-10-13T10:40:05Z,2021-11-03T10:53:09Z,21.0090740740741,FALSE,60,baixa
TJCE_G1_00534634520198060098,6,defesa,2021-11-03T10:53:09Z,2021-11-04T10:09:50Z,0.969918981481482,FALSE,85,alta
TJCE_G1_00534634520198060098,7,secretaria,2021-11-04T10:09:50Z,2021-11-23T21:48:30Z,19.4851851851852,FALSE,60,baixa
TJCE_G1_00534634520198060098,8,conclusao,2021-11-23T21:48:30Z,2021-11-23T21:49:08Z,0.000439814814814815,FALSE,51,alta
TJCE_G1_00534634520198060098,9,secretaria,2021-11-23T21:49:08Z,2022-03-21T12:08:45Z,117.596956018519,FALSE,11383,baixa
TJCE_G1_00534634520198060098,10,conclusao_julgamento,2022-03-21T12:08:45Z,2022-04-05T08:54:16Z,14.8649421296296,FALSE,51,alta
TJCE_G1_00534634520198060098,11,secretaria,2022-04-05T08:54:16Z,2022-08-08T20:24:08Z,125.479074074074,FALSE,11022,baixa
TJCE_G1_00534634520198060098,12,conclusao_julgamento,2022-08-08T20:24:08Z,2022-08-12T13:34:56Z,3.71583333333333,FALSE,51,alta
TJCE_G1_00534634520198060098,13,sentenca,2022-08-12T13:34:56Z,2022-09-17T10:54:38Z,35.8886805555556,FALSE,219,alta
TJCE_G1_00534634520198060098,14,secretaria,2022-09-17T10:54:38Z,2022-10-03T14:42:23Z,16.1581597222222,FALSE,60,baixa
TJCE_G1_00534634520198060098,15,recurso,2022-10-03T14:42:23Z,2022-10-03T18:15:17Z,0.147847222222222,FALSE,85,alta
TJCE_G1_00534634520198060098,16,conclusao,2022-10-03T18:15:17Z,2022-10-06T10:16:26Z,2.66746527777778,FALSE,51,alta
TJCE_G1_00534634520198060098,17,secretaria,2022-10-06T10:16:26Z,2022-10-21T10:34:01Z,15.0122106481481,FALSE,11010,baixa
TJCE_G1_00534634520198060098,18,conclusao,2022-10-21T10:34:01Z,2022-10-24T08:13:20Z,2.90230324074074,FALSE,51,alta
TJCE_G1_00534634520198060098,19,secretaria,2022-10-24T08:13:20Z,2022-12-14T13:14:15Z,51.2089699074074,FALSE,11010,baixa
TJCE_G1_00534634520198060098,20,conclusao,2022-12-14T13:14:15Z,2023-05-31T17:16:25Z,168.168171296296,FALSE,51,alta
TJCE_G1_00534634520198060098,21,secretaria,2023-05-31T17:16:25Z,2024-05-23T11:27:16Z,357.757534722222,FALSE,11010,baixa
TJCE_G1_00534634520198060098,22,conclusao,2024-05-23T11:27:16Z,2024-06-03T20:32:34Z,11.3786805555556,FALSE,51,alta
TJCE_G1_00534634520198060098,23,secretaria,2024-06-03T20:32:34Z,2024-07-22T09:14:41Z,48.5292476851852,FALSE,941,baixa
TJCE_G1_00534634520198060098,24,conclusao,2024-07-22T09:14:41Z,2024-10-08T09:39:13Z,78.0170370370371,FALSE,51,alta
TJCE_G1_00534634520198060098,25,secretaria,2024-10-08T09:39:13Z,2025-03-12T08:23:38Z,154.947511574074,FALSE,11010,baixa
TJCE_G1_00534634520198060098,26,conclusao_julgamento,2025-03-12T08:23:38Z,2025-08-04T17:21:49Z,145.373738425926,FALSE,51,alta
TJCE_G1_00534634520198060098,27,secretaria,2025-08-04T17:21:49Z,2025-08-22T11:28:10Z,17.7544097222222,FALSE,11022,baixa
TJCE_G1_00534634520198060098,28,conclusao,2025-08-22T11:28:10Z,2025-09-05T04:04:06Z,13.6916203703704,FALSE,51,alta
TJCE_G1_00534634520198060098,29,secretaria,2025-09-05T04:04:06Z,2025-10-13T13:16:37Z,38.3836921296296,TRUE,1051,baixa
TJCE_G1_00592497920198060095,1,distribuicao,2019-10-21T12:39:23Z,2019-10-21T12:39:24Z,1.15740740740741e-05,FALSE,26,alta
TJCE_G1_00592497920198060095,2,conclusao,2019-10-21T12:39:24Z,2020-01-07T11:21:43Z,77.9460532407407,FALSE,51,alta
TJCE_G1_00592497920198060095,3,secretaria,2020-01-07T11:21:43Z,2020-04-14T13:03:50Z,98.0709143518519,FALSE,11010,baixa
TJCE_G1_00592497920198060095,4,citacao,2020-04-14T13:03:50Z,2021-05-07T07:43:34Z,387.777592592593,FALSE,60,media
TJCE_G1_00592497920198060095,5,secretaria,2021-05-07T07:43:34Z,2021-09-16T10:44:56Z,132.125949074074,FALSE,60,baixa
TJCE_G1_00592497920198060095,6,conclusao,2021-09-16T10:44:56Z,2022-02-22T08:07:21Z,158.89056712963,FALSE,51,alta
TJCE_G1_00592497920198060095,7,secretaria,2022-02-22T08:07:21Z,2022-02-27T17:09:36Z,5.3765625,FALSE,11010,baixa
TJCE_G1_00592497920198060095,8,conclusao,2022-02-27T17:09:36Z,2022-09-12T10:06:49Z,196.706400462963,FALSE,51,alta
TJCE_G1_00592497920198060095,9,secretaria,2022-09-12T10:06:49Z,2023-07-11T15:04:59Z,302.207060185185,FALSE,11010,baixa
TJCE_G1_00592497920198060095,10,conclusao,2023-07-11T15:04:59Z,2023-07-11T15:17:04Z,0.0083912037037037,FALSE,51,alta
TJCE_G1_00592497920198060095,11,secretaria,2023-07-11T15:17:04Z,2023-08-02T09:35:40Z,21.7629166666667,FALSE,11010,baixa
TJCE_G1_00592497920198060095,12,citacao,2023-08-02T09:35:40Z,2023-08-12T01:21:20Z,9.65671296296296,FALSE,60,media
TJCE_G1_00592497920198060095,13,secretaria,2023-08-12T01:21:20Z,2023-08-29T12:27:16Z,17.4624537037037,FALSE,1051,baixa
TJCE_G1_00592497920198060095,14,conclusao,2023-08-29T12:27:16Z,2024-02-19T16:38:40Z,174.174583333333,FALSE,51,alta
TJCE_G1_00592497920198060095,15,secretaria,2024-02-19T16:38:40Z,2025-04-03T01:35:21Z,408.372696759259,FALSE,11010,baixa
TJCE_G1_00592497920198060095,16,conclusao,2025-04-03T01:35:21Z,2025-04-28T13:15:49Z,25.4864351851852,FALSE,51,alta
TJCE_G1_00592497920198060095,17,secretaria,2025-04-28T13:15:49Z,2025-06-14T14:57:28Z,47.0705902777778,FALSE,11010,baixa
TJCE_G1_00592497920198060095,18,conclusao,2025-06-14T14:57:28Z,2025-09-26T11:04:14Z,103.838032407407,FALSE,51,alta
TJCE_G1_00592497920198060095,19,secretaria,2025-09-26T11:04:14Z,2025-10-13T13:08:52Z,17.0865509259259,TRUE,11010,baixa
TJCE_G1_01069372820198060001,1,distribuicao,2019-02-01T09:57:33Z,2019-02-01T09:57:34Z,1.15740740740741e-05,FALSE,26,alta
TJCE_G1_01069372820198060001,2,conclusao,2019-02-01T09:57:34Z,2019-06-26T15:51:00Z,145.245439814815,FALSE,51,alta
TJCE_G1_01069372820198060001,3,citacao,2019-06-26T15:51:00Z,2019-07-01T11:38:20Z,4.82453703703704,FALSE,12287,alta
TJCE_G1_01069372820198060001,4,secretaria,2019-07-01T11:38:20Z,2020-08-27T14:47:09Z,423.131122685185,FALSE,11383,baixa
TJCE_G1_01069372820198060001,5,conclusao,2020-08-27T14:47:09Z,2020-08-27T14:59:33Z,0.00861111111111111,FALSE,51,alta
TJCE_G1_01069372820198060001,6,secretaria,2020-08-27T14:59:33Z,2020-09-01T06:48:01Z,4.65865740740741,FALSE,11010,baixa
TJCE_G1_01069372820198060001,7,citacao,2020-09-01T06:48:01Z,2020-09-02T15:21:32Z,1.3566087962963,FALSE,60,media
TJCE_G1_01069372820198060001,8,secretaria,2020-09-02T15:21:32Z,2020-10-20T09:55:21Z,47.7734837962963,FALSE,60,baixa
TJCE_G1_01069372820198060001,9,defesa,2020-10-20T09:55:21Z,2020-10-20T14:29:08Z,0.190127314814815,FALSE,85,alta
TJCE_G1_01069372820198060001,10,secretaria,2020-10-20T14:29:08Z,2020-11-03T15:35:22Z,14.0459953703704,FALSE,60,baixa
TJCE_G1_01069372820198060001,11,conclusao_julgamento,2020-11-03T15:35:22Z,2021-04-08T19:30:42Z,156.163425925926,FALSE,51,alta
TJCE_G1_01069372820198060001,12,secretaria,2021-04-08T19:30:42Z,2023-03-15T16:26:46Z,705.872268518519,FALSE,60,baixa
TJCE_G1_01069372820198060001,13,conclusao,2023-03-15T16:26:46Z,2023-03-15T18:16:20Z,0.076087962962963,FALSE,51,alta
TJCE_G1_01069372820198060001,14,secretaria,2023-03-15T18:16:20Z,2023-05-08T15:37:51Z,53.8899421296296,FALSE,11010,baixa
TJCE_G1_01069372820198060001,15,conclusao,2023-05-08T15:37:51Z,2024-03-26T14:03:20Z,322.934363425926,FALSE,51,alta
TJCE_G1_01069372820198060001,16,secretaria,2024-03-26T14:03:20Z,2024-05-17T08:56:36Z,51.7869907407408,FALSE,12150,baixa
TJCE_G1_01069372820198060001,17,conclusao,2024-05-17T08:56:36Z,2024-08-09T14:28:51Z,84.2307291666667,FALSE,51,alta
TJCE_G1_01069372820198060001,18,secretaria,2024-08-09T14:28:51Z,2024-08-14T14:20:36Z,4.99427083333333,FALSE,11383,baixa
TJCE_G1_01069372820198060001,19,conclusao,2024-08-14T14:20:36Z,2025-02-21T15:12:23Z,191.035960648148,FALSE,51,alta
TJCE_G1_01069372820198060001,20,secretaria,2025-02-21T15:12:23Z,2025-09-04T19:59:52Z,195.199641203704,FALSE,11010,baixa
TJCE_G1_01069372820198060001,21,conclusao,2025-09-04T19:59:52Z,2025-10-13T12:50:20Z,38.701712962963,TRUE,51,alta
TJCE_G1_01249870520198060001,1,distribuicao,2019-04-16T13:39:24Z,2019-04-16T13:39:25Z,1.15740740740741e-05,FALSE,26,alta
TJCE_G1_01249870520198060001,2,conclusao,2019-04-16T13:39:25Z,2019-04-17T11:18:05Z,0.901851851851852,FALSE,51,alta
TJCE_G1_01249870520198060001,3,secretaria,2019-04-17T11:18:05Z,2019-04-24T15:57:39Z,7.19414351851852,FALSE,11010,baixa
TJCE_G1_01249870520198060001,4,conclusao,2019-04-24T15:57:39Z,2019-04-24T15:57:53Z,0.000162037037037037,FALSE,51,alta
TJCE_G1_01249870520198060001,5,secretaria,2019-04-24T15:57:53Z,2019-05-02T16:25:22Z,8.01908564814815,FALSE,11383,baixa
TJCE_G1_01249870520198060001,6,conclusao,2019-05-02T16:25:22Z,2019-05-03T11:20:02Z,0.787962962962963,FALSE,51,alta
TJCE_G1_01249870520198060001,7,secretaria,2019-05-03T11:20:02Z,2019-05-10T15:35:20Z,7.17729166666667,FALSE,11010,baixa
TJCE_G1_01249870520198060001,8,conclusao,2019-05-10T15:35:20Z,2019-05-15T08:34:31Z,4.7077662037037,FALSE,51,alta
TJCE_G1_01249870520198060001,9,secretaria,2019-05-15T08:34:31Z,2019-06-05T12:09:20Z,21.1491782407407,FALSE,1061,baixa
TJCE_G1_01249870520198060001,10,conclusao,2019-06-05T12:09:20Z,2019-06-11T18:50:55Z,6.27887731481482,FALSE,51,alta
TJCE_G1_01249870520198060001,11,secretaria,2019-06-11T18:50:55Z,2019-06-28T16:13:43Z,16.8908333333333,FALSE,11010,baixa
TJCE_G1_01249870520198060001,12,conclusao,2019-06-28T16:13:43Z,2019-07-01T14:16:21Z,2.91849537037037,FALSE,51,alta
TJCE_G1_01249870520198060001,13,secretaria,2019-07-01T14:16:21Z,2019-07-02T08:59:15Z,0.779791666666667,FALSE,11383,baixa
TJCE_G1_01249870520198060001,14,citacao,2019-07-02T08:59:15Z,2019-07-11T09:22:48Z,9.01635416666667,FALSE,60,media
TJCE_G1_01249870520198060001,15,secretaria,2019-07-11T09:22:48Z,2019-08-19T15:41:02Z,39.262662037037,FALSE,60,baixa
TJCE_G1_01249870520198060001,16,conclusao,2019-08-19T15:41:02Z,2019-08-19T16:28:11Z,0.0327430555555556,FALSE,51,alta
TJCE_G1_01249870520198060001,17,secretaria,2019-08-19T16:28:11Z,2019-09-12T16:23:28Z,23.996724537037,FALSE,12164,baixa
TJCE_G1_01249870520198060001,18,conclusao,2019-09-12T16:23:28Z,2019-09-12T16:23:45Z,0.000196759259259259,FALSE,51,alta
TJCE_G1_01249870520198060001,19,secretaria,2019-09-12T16:23:45Z,2019-10-01T12:39:47Z,18.8444675925926,FALSE,11383,baixa
TJCE_G1_01249870520198060001,20,defesa,2019-10-01T12:39:47Z,2019-10-02T16:31:14Z,1.16072916666667,FALSE,85,alta
TJCE_G1_01249870520198060001,21,secretaria,2019-10-02T16:31:14Z,2020-06-26T16:58:12Z,268.018726851852,FALSE,11010,baixa
TJCE_G1_01249870520198060001,22,conclusao,2020-06-26T16:58:12Z,2020-06-29T09:47:10Z,2.7006712962963,FALSE,51,alta
TJCE_G1_01249870520198060001,23,secretaria,2020-06-29T09:47:10Z,2020-07-01T19:35:23Z,2.4084837962963,FALSE,11010,baixa
TJCE_G1_01249870520198060001,24,conclusao,2020-07-01T19:35:23Z,2020-07-14T22:08:50Z,13.1065625,FALSE,51,alta
TJCE_G1_01249870520198060001,25,secretaria,2020-07-14T22:08:50Z,2020-08-05T12:52:25Z,21.613599537037,FALSE,11383,baixa
TJCE_G1_01249870520198060001,26,conclusao,2020-08-05T12:52:25Z,2020-09-08T16:28:10Z,34.1498263888889,FALSE,51,alta
TJCE_G1_01249870520198060001,27,secretaria,2020-09-08T16:28:10Z,2021-04-15T21:00:30Z,219.18912037037,FALSE,12164,baixa
TJCE_G1_01249870520198060001,28,conclusao,2021-04-15T21:00:30Z,2021-04-16T17:20:56Z,0.847523148148148,FALSE,51,alta
TJCE_G1_01249870520198060001,29,secretaria,2021-04-16T17:20:56Z,2021-04-22T10:48:27Z,5.72744212962963,FALSE,11010,baixa
TJCE_G1_01249870520198060001,30,conclusao,2021-04-22T10:48:27Z,2021-04-30T11:23:08Z,8.02408564814815,FALSE,51,alta
TJCE_G1_01249870520198060001,31,secretaria,2021-04-30T11:23:08Z,2021-09-02T11:20:27Z,124.998136574074,FALSE,60,baixa
TJCE_G1_01249870520198060001,32,conclusao,2021-09-02T11:20:27Z,2021-09-16T17:07:33Z,14.2410416666667,FALSE,51,alta
TJCE_G1_01249870520198060001,33,secretaria,2021-09-16T17:07:33Z,2021-09-23T14:15:52Z,6.88077546296296,FALSE,11022,baixa
TJCE_G1_01249870520198060001,34,conclusao,2021-09-23T14:15:52Z,2021-10-02T02:42:20Z,8.51837962962963,FALSE,51,alta
TJCE_G1_01249870520198060001,35,secretaria,2021-10-02T02:42:20Z,2022-11-30T15:18:47Z,424.5253125,FALSE,60,baixa
TJCE_G1_01249870520198060001,36,instrucao,2022-11-30T15:18:47Z,2022-11-30T18:32:01Z,0.134189814814815,FALSE,970,alta
TJCE_G1_01249870520198060001,37,secretaria,2022-11-30T18:32:01Z,2023-01-17T10:50:14Z,47.6793171296296,FALSE,11383,baixa
TJCE_G1_01249870520198060001,38,conclusao,2023-01-17T10:50:14Z,2023-01-17T18:09:43Z,0.305196759259259,FALSE,51,alta
TJCE_G1_01249870520198060001,39,secretaria,2023-01-17T18:09:43Z,2023-04-25T17:02:31Z,97.9533333333333,FALSE,11010,baixa
TJCE_G1_01249870520198060001,40,conclusao,2023-04-25T17:02:31Z,2025-03-24T13:39:56Z,698.85931712963,FALSE,51,alta
TJCE_G1_01249870520198060001,41,secretaria,2025-03-24T13:39:56Z,2025-05-28T17:00:42Z,65.1394212962963,FALSE,12164,baixa
TJCE_G1_01249870520198060001,42,audiencia,2025-05-28T17:00:42Z,2025-06-03T10:50:28Z,5.74289351851852,FALSE,970,alta
TJCE_G1_01249870520198060001,43,secretaria,2025-06-03T10:50:28Z,2025-06-12T16:17:08Z,9.22685185185185,FALSE,11383,baixa
TJCE_G1_01249870520198060001,44,conclusao_julgamento,2025-06-12T16:17:08Z,2025-06-27T10:04:28Z,14.7412037037037,FALSE,51,alta
TJCE_G1_01249870520198060001,45,sentenca,2025-06-27T10:04:28Z,2025-07-02T00:00:00Z,4.58023148148148,FALSE,219,alta
TJCE_G1_01249870520198060001,46,secretaria,2025-07-02T00:00:00Z,2025-07-03T11:24:31Z,1.4753587962963,FALSE,1061,baixa
TJCE_G1_01249870520198060001,47,conclusao,2025-07-03T11:24:31Z,2025-07-10T14:53:13Z,7.14493055555556,FALSE,51,alta
TJCE_G1_01249870520198060001,48,secretaria,2025-07-10T14:53:13Z,2025-07-23T15:44:53Z,13.0358796296296,FALSE,12283,baixa
TJCE_G1_01249870520198060001,49,citacao,2025-07-23T15:44:53Z,2025-07-24T00:00:00Z,0.343831018518519,FALSE,60,media
TJCE_G1_01249870520198060001,50,secretaria,2025-07-24T00:00:00Z,2025-08-13T10:11:20Z,20.424537037037,FALSE,1061,baixa
TJCE_G1_01249870520198060001,51,recurso,2025-08-13T10:11:20Z,2025-08-15T04:05:23Z,1.74586805555556,FALSE,85,alta
TJCE_G1_01249870520198060001,52,secretaria,2025-08-15T04:05:23Z,2025-08-15T18:45:23Z,0.611111111111111,FALSE,1051,baixa
TJCE_G1_01249870520198060001,53,conclusao,2025-08-15T18:45:23Z,2025-08-19T05:20:05Z,3.44076388888889,FALSE,51,alta
TJCE_G1_01249870520198060001,54,secretaria,2025-08-19T05:20:05Z,2025-09-29T15:12:06Z,41.4111226851852,FALSE,1051,baixa
TJCE_G1_01249870520198060001,55,recurso,2025-09-29T15:12:06Z,2025-10-13T12:57:16Z,13.9063657407407,TRUE,123,alta
TJCE_G1_01272951420198060001,1,distribuicao,2019-04-26T08:39:23Z,2019-04-26T08:39:24Z,1.15740740740741e-05,FALSE,26,alta
TJCE_G1_01272951420198060001,2,conclusao,2019-04-26T08:39:24Z,2019-05-06T16:52:36Z,10.3425,FALSE,51,alta
TJCE_G1_01272951420198060001,3,secretaria,2019-05-06T16:52:36Z,2019-06-06T16:14:16Z,30.9733796296296,FALSE,11010,baixa
TJCE_G1_01272951420198060001,4,conclusao,2019-06-06T16:14:16Z,2019-06-07T15:08:24Z,0.954259259259259,FALSE,51,alta
TJCE_G1_01272951420198060001,5,secretaria,2019-06-07T15:08:24Z,2019-08-12T23:59:36Z,66.3688888888889,FALSE,11010,baixa
TJCE_G1_01272951420198060001,6,conclusao,2019-08-12T23:59:36Z,2019-08-18T20:34:19Z,5.85744212962963,FALSE,51,alta
TJCE_G1_01272951420198060001,7,secretaria,2019-08-18T20:34:19Z,2019-10-31T14:51:49Z,73.7621527777778,FALSE,11022,baixa
TJCE_G1_01272951420198060001,8,conclusao,2019-10-31T14:51:49Z,2019-11-11T16:01:17Z,11.0482407407407,FALSE,51,alta
TJCE_G1_01272951420198060001,9,secretaria,2019-11-11T16:01:17Z,2020-10-29T20:08:51Z,353.171921296296,FALSE,1051,baixa
TJCE_G1_01272951420198060001,10,conclusao,2020-10-29T20:08:51Z,2020-11-03T16:36:39Z,4.85263888888889,FALSE,51,alta
TJCE_G1_01272951420198060001,11,secretaria,2020-11-03T16:36:39Z,2021-03-31T05:04:18Z,147.519201388889,FALSE,12164,baixa
TJCE_G1_01272951420198060001,12,conclusao,2021-03-31T05:04:18Z,2021-04-20T16:43:07Z,20.4852893518519,FALSE,51,alta
TJCE_G1_01272951420198060001,13,secretaria,2021-04-20T16:43:07Z,2021-07-12T20:25:13Z,83.1542361111111,FALSE,11010,baixa
TJCE_G1_01272951420198060001,14,instrucao,2021-07-12T20:25:13Z,2021-07-12T20:25:34Z,0.000243055555555556,FALSE,12306,alta
TJCE_G1_01272951420198060001,15,secretaria,2021-07-12T20:25:34Z,2021-07-12T20:26:47Z,0.000844907407407407,FALSE,60,baixa
TJCE_G1_01272951420198060001,16,conclusao,2021-07-12T20:26:47Z,2021-07-13T11:05:01Z,0.609884259259259,FALSE,51,alta
TJCE_G1_01272951420198060001,17,secretaria,2021-07-13T11:05:01Z,2021-08-16T08:24:54Z,33.8888078703704,FALSE,11010,baixa
TJCE_G1_01272951420198060001,18,conclusao,2021-08-16T08:24:54Z,2021-08-19T08:52:33Z,3.01920138888889,FALSE,51,alta
TJCE_G1_01272951420198060001,19,secretaria,2021-08-19T08:52:33Z,2021-09-16T15:24:29Z,28.2721759259259,FALSE,11010,baixa
TJCE_G1_01272951420198060001,20,conclusao,2021-09-16T15:24:29Z,2022-01-17T17:04:04Z,123.069155092593,FALSE,51,alta
TJCE_G1_01272951420198060001,21,secretaria,2022-01-17T17:04:04Z,2022-06-06T22:00:52Z,140.206111111111,FALSE,11383,baixa
TJCE_G1_01272951420198060001,22,conclusao,2022-06-06T22:00:52Z,2022-09-07T17:05:17Z,92.7947337962963,FALSE,51,alta
TJCE_G1_01272951420198060001,23,secretaria,2022-09-07T17:05:17Z,2023-01-25T08:31:43Z,139.643356481481,FALSE,11010,baixa
TJCE_G1_01272951420198060001,24,conclusao,2023-01-25T08:31:43Z,2023-04-14T16:52:40Z,79.3478819444444,FALSE,51,alta
TJCE_G1_01272951420198060001,25,secretaria,2023-04-14T16:52:40Z,2023-11-23T13:23:17Z,222.854594907407,FALSE,11010,baixa
TJCE_G1_01272951420198060001,26,conclusao,2023-11-23T13:23:17Z,2023-11-23T13:58:13Z,0.0242592592592593,FALSE,51,alta
TJCE_G1_01272951420198060001,27,secretaria,2023-11-23T13:58:13Z,2024-01-22T16:38:10Z,60.1110763888889,FALSE,11010,baixa
TJCE_G1_01272951420198060001,28,conclusao,2024-01-22T16:38:10Z,2024-01-23T17:39:58Z,1.04291666666667,FALSE,51,alta
TJCE_G1_01272951420198060001,29,secretaria,2024-01-23T17:39:58Z,2024-01-30T13:51:25Z,6.84128472222222,FALSE,12444,baixa
TJCE_G1_01272951420198060001,30,instrucao,2024-01-30T13:51:25Z,2024-01-31T19:10:55Z,1.221875,FALSE,970,alta
TJCE_G1_01272951420198060001,31,secretaria,2024-01-31T19:10:55Z,2024-06-25T12:41:34Z,145.729618055556,FALSE,1061,baixa
TJCE_G1_01272951420198060001,32,conclusao,2024-06-25T12:41:34Z,2024-06-25T19:02:35Z,0.264594907407407,FALSE,51,alta
TJCE_G1_01272951420198060001,33,secretaria,2024-06-25T19:02:35Z,2024-08-28T11:15:04Z,63.6753356481482,FALSE,11010,baixa
TJCE_G1_01272951420198060001,34,conclusao,2024-08-28T11:15:04Z,2024-11-08T23:19:33Z,72.5031134259259,FALSE,51,alta
TJCE_G1_01272951420198060001,35,secretaria,2024-11-08T23:19:33Z,2024-11-19T10:43:42Z,10.4751041666667,FALSE,123,baixa
TJCE_G1_01272951420198060001,36,conclusao,2024-11-19T10:43:42Z,2025-08-21T14:10:10Z,275.14337962963,FALSE,51,alta
TJCE_G1_01272951420198060001,37,secretaria,2025-08-21T14:10:10Z,2025-09-04T14:32:29Z,14.0154976851852,FALSE,11010,baixa
TJCE_G1_01272951420198060001,38,conclusao_julgamento,2025-09-04T14:32:29Z,2025-10-13T12:47:32Z,38.9271180555556,TRUE,51,alta
TJCE_G1_01370523220198060001,1,distribuicao,2019-05-29T14:51:11Z,2019-05-29T14:51:13Z,2.31481481481482e-05,FALSE,26,alta
TJCE_G1_01370523220198060001,2,conclusao,2019-05-29T14:51:13Z,2019-06-03T14:24:00Z,4.98109953703704,FALSE,51,alta
TJCE_G1_01370523220198060001,3,secretaria,2019-06-03T14:24:00Z,2019-06-12T18:21:01Z,9.16459490740741,FALSE,11010,baixa
TJCE_G1_01370523220198060001,4,citacao,2019-06-12T18:21:01Z,2019-06-13T15:10:06Z,0.867418981481482,FALSE,60,media
TJCE_G1_01370523220198060001,5,secretaria,2019-06-13T15:10:06Z,2019-12-13T18:02:54Z,183.12,FALSE,1061,baixa
TJCE_G1_01370523220198060001,6,conclusao,2019-12-13T18:02:54Z,2019-12-16T10:14:18Z,2.67458333333333,FALSE,51,alta
TJCE_G1_01370523220198060001,7,secretaria,2019-12-16T10:14:18Z,2020-02-14T11:22:47Z,60.0475578703704,FALSE,12164,baixa
TJCE_G1_01370523220198060001,8,conclusao,2020-02-14T11:22:47Z,2021-02-10T07:58:12Z,361.857928240741,FALSE,51,alta
TJCE_G1_01370523220198060001,9,secretaria,2021-02-10T07:58:12Z,2021-02-23T07:42:38Z,12.9891898148148,FALSE,11010,baixa
TJCE_G1_01370523220198060001,10,conclusao,2021-02-23T07:42:38Z,2021-06-24T12:13:18Z,121.187962962963,FALSE,51,alta
TJCE_G1_01370523220198060001,11,secretaria,2021-06-24T12:13:18Z,2021-09-14T14:30:15Z,82.0951041666667,FALSE,60,baixa
TJCE_G1_01370523220198060001,12,conclusao,2021-09-14T14:30:15Z,2022-01-27T20:28:26Z,135.248738425926,FALSE,51,alta
TJCE_G1_01370523220198060001,13,secretaria,2022-01-27T20:28:26Z,2022-02-11T17:46:03Z,14.8872337962963,FALSE,11010,baixa
TJCE_G1_01370523220198060001,14,conclusao,2022-02-11T17:46:03Z,2022-05-30T21:05:24Z,108.1384375,FALSE,51,alta
TJCE_G1_01370523220198060001,15,secretaria,2022-05-30T21:05:24Z,2022-07-15T18:40:49Z,45.8995949074074,FALSE,11010,baixa
TJCE_G1_01370523220198060001,16,conclusao,2022-07-15T18:40:49Z,2022-07-26T18:49:49Z,11.00625,FALSE,51,alta
TJCE_G1_01370523220198060001,17,secretaria,2022-07-26T18:49:49Z,2022-08-02T18:45:14Z,6.99681712962963,FALSE,11010,baixa
TJCE_G1_01370523220198060001,18,conclusao,2022-08-02T18:45:14Z,2022-10-05T19:30:35Z,64.0314930555556,FALSE,51,alta
TJCE_G1_01370523220198060001,19,secretaria,2022-10-05T19:30:35Z,2022-11-11T16:52:23Z,36.8901388888889,FALSE,11010,baixa
TJCE_G1_01370523220198060001,20,conclusao,2022-11-11T16:52:23Z,2022-11-11T20:11:37Z,0.138356481481481,FALSE,51,alta
TJCE_G1_01370523220198060001,21,secretaria,2022-11-11T20:11:37Z,2023-03-15T13:14:31Z,123.710347222222,FALSE,11010,baixa
TJCE_G1_01370523220198060001,22,conclusao,2023-03-15T13:14:31Z,2023-08-02T17:48:21Z,140.190162037037,FALSE,51,alta
TJCE_G1_01370523220198060001,23,secretaria,2023-08-02T17:48:21Z,2023-08-21T16:41:02Z,18.9532523148148,FALSE,11010,baixa
TJCE_G1_01370523220198060001,24,citacao,2023-08-21T16:41:02Z,2023-08-22T09:25:39Z,0.697650462962963,FALSE,60,media
TJCE_G1_01370523220198060001,25,secretaria,2023-08-22T09:25:39Z,2023-11-21T07:42:31Z,90.9283796296296,FALSE,60,baixa
TJCE_G1_01370523220198060001,26,citacao,2023-11-21T07:42:31Z,2023-12-02T09:39:40Z,11.0813541666667,FALSE,60,media
TJCE_G1_01370523220198060001,27,secretaria,2023-12-02T09:39:40Z,2024-03-14T14:20:01Z,103.1946875,FALSE,60,baixa
TJCE_G1_01370523220198060001,28,conclusao,2024-03-14T14:20:01Z,2024-07-10T09:25:56Z,117.795775462963,FALSE,51,alta
TJCE_G1_01370523220198060001,29,secretaria,2024-07-10T09:25:56Z,2024-08-07T11:57:56Z,28.1055555555556,FALSE,11010,baixa
TJCE_G1_01370523220198060001,30,conclusao,2024-08-07T11:57:56Z,2024-11-09T20:32:05Z,94.3570486111111,FALSE,51,alta
TJCE_G1_01370523220198060001,31,secretaria,2024-11-09T20:32:05Z,2024-11-26T15:22:20Z,16.7848958333333,FALSE,123,baixa
TJCE_G1_01370523220198060001,32,conclusao,2024-11-26T15:22:20Z,2025-01-28T13:25:52Z,62.9191203703704,FALSE,51,alta
TJCE_G1_01370523220198060001,33,secretaria,2025-01-28T13:25:52Z,2025-03-24T22:02:38Z,55.3588657407407,FALSE,11010,baixa
TJCE_G1_01370523220198060001,34,conclusao,2025-03-24T22:02:38Z,2025-07-24T07:38:43Z,121.40005787037,FALSE,51,alta
TJCE_G1_01370523220198060001,35,secretaria,2025-07-24T07:38:43Z,2025-09-23T08:41:48Z,61.0438078703704,FALSE,11010,baixa
TJCE_G1_01370523220198060001,36,conclusao,2025-09-23T08:41:48Z,2025-10-13T12:47:32Z,20.1706481481482,TRUE,51,alta
TJCE_G1_01531231220198060001,1,distribuicao,2019-07-24T17:22:59Z,2019-07-24T17:23:00Z,1.15740740740741e-05,FALSE,26,alta
TJCE_G1_01531231220198060001,2,conclusao,2019-07-24T17:23:00Z,2019-07-25T13:34:35Z,0.841377314814815,FALSE,51,alta
TJCE_G1_01531231220198060001,3,secretaria,2019-07-25T13:34:35Z,2019-08-12T14:13:42Z,18.0271643518519,FALSE,941,baixa
TJCE_G1_01531231220198060001,4,conclusao,2019-08-12T14:13:42Z,2020-03-03T12:15:39Z,203.918020833333,FALSE,51,alta
TJCE_G1_01531231220198060001,5,secretaria,2020-03-03T12:15:39Z,2020-03-05T16:04:55Z,2.15921296296296,FALSE,11010,baixa
TJCE_G1_01531231220198060001,6,conclusao,2020-03-05T16:04:55Z,2020-10-28T12:37:27Z,236.855925925926,FALSE,51,alta
TJCE_G1_01531231220198060001,7,secretaria,2020-10-28T12:37:27Z,2020-12-07T15:05:36Z,40.1028819444444,FALSE,11010,baixa
TJCE_G1_01531231220198060001,8,conclusao,2020-12-07T15:05:36Z,2021-12-15T16:39:41Z,373.065335648148,FALSE,51,alta
TJCE_G1_01531231220198060001,9,secretaria,2021-12-15T16:39:41Z,2024-02-09T16:49:00Z,786.006469907408,FALSE,12164,baixa
TJCE_G1_01531231220198060001,10,conclusao,2024-02-09T16:49:00Z,2025-03-07T11:47:01Z,391.790289351852,FALSE,51,alta
TJCE_G1_01531231220198060001,11,secretaria,2025-03-07T11:47:01Z,2025-06-03T09:46:56Z,87.9166087962963,FALSE,11010,baixa
TJCE_G1_01531231220198060001,12,suspensao,2025-06-03T09:46:56Z,2025-06-17T10:01:28Z,14.0100925925926,FALSE,11012,alta
TJCE_G1_01531231220198060001,13,secretaria,2025-06-17T10:01:28Z,2025-06-17T10:01:32Z,4.62962962962963e-05,FALSE,12066,media
TJCE_G1_01531231220198060001,14,conclusao,2025-06-17T10:01:32Z,2025-08-19T09:25:43Z,62.9751273148148,FALSE,51,alta
TJCE_G1_01531231220198060001,15,secretaria,2025-08-19T09:25:43Z,2025-08-28T10:30:05Z,9.04469907407407,FALSE,961,baixa
TJCE_G1_01531231220198060001,16,suspensao,2025-08-28T10:30:05Z,2025-08-30T01:03:46Z,1.60672453703704,FALSE,11012,alta
TJCE_G1_01531231220198060001,17,secretaria,2025-08-30T01:03:46Z,2025-10-13T12:40:04Z,44.4835416666667,TRUE,12283,baixa
TJCE_G1_01866375320198060001,1,distribuicao,2019-11-08T07:13:37Z,2019-11-08T07:13:38Z,1.15740740740741e-05,FALSE,26,alta
TJCE_G1_01866375320198060001,2,conclusao,2019-11-08T07:13:38Z,2019-11-08T15:49:23Z,0.358159722222222,FALSE,51,alta
TJCE_G1_01866375320198060001,3,secretaria,2019-11-08T15:49:23Z,2019-11-20T09:05:09Z,11.7192824074074,FALSE,11010,baixa
TJCE_G1_01866375320198060001,4,citacao,2019-11-20T09:05:09Z,2019-11-20T11:44:48Z,0.110868055555556,FALSE,60,media
TJCE_G1_01866375320198060001,5,secretaria,2019-11-20T11:44:48Z,2020-01-14T13:56:41Z,55.0915856481482,FALSE,60,baixa
TJCE_G1_01866375320198060001,6,defesa,2020-01-14T13:56:41Z,2020-01-14T14:15:37Z,0.0131481481481482,FALSE,85,alta
TJCE_G1_01866375320198060001,7,conclusao,2020-01-14T14:15:37Z,2020-04-06T15:08:52Z,83.0369791666667,FALSE,51,alta
TJCE_G1_01866375320198060001,8,secretaria,2020-04-06T15:08:52Z,2020-05-20T16:29:14Z,44.0558101851852,FALSE,11010,baixa
TJCE_G1_01866375320198060001,9,conclusao,2020-05-20T16:29:14Z,2020-05-20T16:45:27Z,0.0112615740740741,FALSE,51,alta
TJCE_G1_01866375320198060001,10,secretaria,2020-05-20T16:45:27Z,2020-05-22T15:08:54Z,1.93295138888889,FALSE,11010,baixa
TJCE_G1_01866375320198060001,11,conclusao,2020-05-22T15:08:54Z,2020-05-25T09:51:26Z,2.77953703703704,FALSE,51,alta
TJCE_G1_01866375320198060001,12,secretaria,2020-05-25T09:51:26Z,2020-06-01T09:45:51Z,6.99612268518519,FALSE,11010,baixa
TJCE_G1_01866375320198060001,13,conclusao,2020-06-01T09:45:51Z,2020-06-01T11:02:10Z,0.0529976851851852,FALSE,51,alta
TJCE_G1_01866375320198060001,14,suspensao,2020-06-01T11:02:10Z,2020-06-02T08:40:48Z,0.901828703703704,FALSE,898,alta
TJCE_G1_01866375320198060001,15,secretaria,2020-06-02T08:40:48Z,2020-06-02T08:43:37Z,0.00195601851851852,FALSE,60,baixa
TJCE_G1_01866375320198060001,16,citacao,2020-06-02T08:43:37Z,2020-06-02T16:07:00Z,0.307905092592593,FALSE,60,media
TJCE_G1_01866375320198060001,17,secretaria,2020-06-02T16:07:00Z,2021-08-25T21:15:25Z,449.214178240741,FALSE,60,baixa
TJCE_G1_01866375320198060001,18,conclusao,2021-08-25T21:15:25Z,2022-07-27T08:06:17Z,335.451990740741,FALSE,51,alta
TJCE_G1_01866375320198060001,19,secretaria,2022-07-27T08:06:17Z,2022-12-02T08:42:36Z,128.025219907407,FALSE,60,baixa
TJCE_G1_01866375320198060001,20,conclusao,2022-12-02T08:42:36Z,2024-06-28T16:27:17Z,574.322696759259,FALSE,51,alta
TJCE_G1_01866375320198060001,21,secretaria,2024-06-28T16:27:17Z,2024-07-23T16:04:22Z,24.9840856481482,FALSE,11010,baixa
TJCE_G1_01866375320198060001,22,conclusao,2024-07-23T16:04:22Z,2024-07-25T19:18:09Z,2.13457175925926,FALSE,51,alta
TJCE_G1_01866375320198060001,23,secretaria,2024-07-25T19:18:09Z,2024-08-02T13:51:53Z,7.77342592592593,FALSE,11010,baixa
TJCE_G1_01866375320198060001,24,citacao,2024-08-02T13:51:53Z,2024-08-29T01:08:52Z,26.4701273148148,FALSE,60,media
TJCE_G1_01866375320198060001,25,secretaria,2024-08-29T01:08:52Z,2024-09-16T09:54:38Z,18.3651157407407,FALSE,1051,baixa
TJCE_G1_01866375320198060001,26,conclusao,2024-09-16T09:54:38Z,2025-06-24T16:00:13Z,281.253877314815,FALSE,51,alta
TJCE_G1_01866375320198060001,27,sentenca,2025-06-24T16:00:13Z,2025-07-04T19:11:56Z,10.1331365740741,FALSE,461,alta
TJCE_G1_01866375320198060001,28,secretaria,2025-07-04T19:11:56Z,2025-09-03T08:32:24Z,60.5558796296296,FALSE,12283,baixa
TJCE_G1_01866375320198060001,29,baixa,2025-09-03T08:32:24Z,2025-10-13T12:57:16Z,40.1839351851852,TRUE,246,alta
TJCE_G1_30000028420198060138,1,distribuicao,2019-03-07T16:01:28Z,2019-05-10T17:18:00Z,64.0531481481482,FALSE,26,alta
TJCE_G1_30000028420198060138,2,audiencia,2019-05-10T17:18:00Z,2019-07-24T10:41:04Z,74.7243518518519,FALSE,970,alta
TJCE_G1_30000028420198060138,3,conclusao_julgamento,2019-07-24T10:41:04Z,2019-08-22T10:06:44Z,28.9761574074074,FALSE,51,alta
TJCE_G1_30000028420198060138,4,sentenca,2019-08-22T10:06:44Z,2019-10-13T15:38:38Z,52.2304861111111,FALSE,219,alta
TJCE_G1_30000028420198060138,5,secretaria,2019-10-13T15:38:38Z,2021-04-05T10:49:04Z,539.798912037037,FALSE,1051,baixa
TJCE_G1_30000028420198060138,6,citacao,2021-04-05T10:49:04Z,2021-04-05T10:49:05Z,1.15740740740741e-05,FALSE,60,media
TJCE_G1_30000028420198060138,7,secretaria,2021-04-05T10:49:05Z,2021-09-20T08:47:36Z,167.915636574074,FALSE,60,baixa
TJCE_G1_30000028420198060138,8,conclusao,2021-09-20T08:47:36Z,2021-09-20T16:29:21Z,0.320659722222222,FALSE,51,alta
TJCE_G1_30000028420198060138,9,secretaria,2021-09-20T16:29:21Z,2023-06-20T10:50:14Z,637.764502314815,FALSE,11010,baixa
TJCE_G1_30000028420198060138,10,conclusao,2023-06-20T10:50:14Z,2023-09-04T19:42:01Z,76.3692939814815,FALSE,51,alta
TJCE_G1_30000028420198060138,11,secretaria,2023-09-04T19:42:01Z,2024-09-11T13:38:37Z,372.747638888889,FALSE,11010,baixa
TJCE_G1_30000028420198060138,12,conclusao,2024-09-11T13:38:37Z,2025-06-02T00:00:00Z,263.431516203704,FALSE,51,alta
TJCE_G1_30000028420198060138,13,secretaria,2025-06-02T00:00:00Z,2025-09-17T10:02:56Z,107.418703703704,FALSE,1061,baixa
TJCE_G1_30000028420198060138,14,conclusao,2025-09-17T10:02:56Z,2025-10-13T13:06:41Z,26.1276041666667,TRUE,51,alta
TJCE_G1_30001138320198060036,1,distribuicao,2019-01-23T13:21:36Z,2019-09-26T13:50:43Z,246.020219907407,FALSE,26,alta
TJCE_G1_30001138320198060036,2,citacao,2019-09-26T13:50:43Z,2021-05-14T10:36:48Z,595.865335648148,FALSE,60,media
TJCE_G1_30001138320198060036,3,conclusao,2021-05-14T10:36:48Z,2021-12-17T16:46:19Z,217.256608796296,FALSE,51,alta
TJCE_G1_30001138320198060036,4,secretaria,2021-12-17T16:46:19Z,2022-02-11T12:38:03Z,55.8275925925926,FALSE,11010,baixa
TJCE_G1_30001138320198060036,5,citacao,2022-02-11T12:38:03Z,2022-02-14T10:59:34Z,2.9316087962963,FALSE,60,media
TJCE_G1_30001138320198060036,6,secretaria,2022-02-14T10:59:34Z,2022-06-08T12:30:38Z,114.063240740741,FALSE,60,baixa
TJCE_G1_30001138320198060036,7,conclusao,2022-06-08T12:30:38Z,2022-09-05T11:44:55Z,88.9682523148148,FALSE,51,alta
TJCE_G1_30001138320198060036,8,secretaria,2022-09-05T11:44:55Z,2022-09-30T14:45:30Z,25.1254050925926,FALSE,11010,baixa
TJCE_G1_30001138320198060036,9,citacao,2022-09-30T14:45:30Z,2023-05-10T13:18:48Z,221.939791666667,FALSE,60,media
TJCE_G1_30001138320198060036,10,conclusao,2023-05-10T13:18:48Z,2023-07-04T14:12:29Z,55.0372800925926,FALSE,51,alta
TJCE_G1_30001138320198060036,11,secretaria,2023-07-04T14:12:29Z,2023-08-08T08:29:04Z,34.7615162037037,FALSE,11010,baixa
TJCE_G1_30001138320198060036,12,conclusao,2023-08-08T08:29:04Z,2024-03-19T12:43:36Z,224.176759259259,FALSE,51,alta
TJCE_G1_30001138320198060036,13,secretaria,2024-03-19T12:43:36Z,2024-04-04T17:19:33Z,16.1916319444444,FALSE,11010,baixa
TJCE_G1_30001138320198060036,14,conclusao,2024-04-04T17:19:33Z,2024-04-08T10:15:03Z,3.70520833333333,FALSE,51,alta
TJCE_G1_30001138320198060036,15,secretaria,2024-04-08T10:15:03Z,2024-09-06T17:53:23Z,151.318287037037,FALSE,11010,baixa
TJCE_G1_30001138320198060036,16,conclusao,2024-09-06T17:53:23Z,2024-10-15T16:24:08Z,38.9380208333333,FALSE,51,alta
TJCE_G1_30001138320198060036,17,secretaria,2024-10-15T16:24:08Z,2025-03-10T16:50:22Z,146.018217592593,FALSE,11010,baixa
TJCE_G1_30001138320198060036,18,conclusao,2025-03-10T16:50:22Z,2025-10-13T12:37:56Z,216.824699074074,TRUE,51,alta
TJCE_JE_30004376620198060006,1,distribuicao,2019-04-23T16:17:02Z,2019-04-23T16:17:03Z,1.15740740740741e-05,FALSE,26,alta
TJCE_JE_30004376620198060006,2,conclusao,2019-04-23T16:17:03Z,2019-05-03T07:14:19Z,9.62310185185185,FALSE,51,alta
TJCE_JE_30004376620198060006,3,secretaria,2019-05-03T07:14:19Z,2019-05-03T14:45:07Z,0.313055555555556,FALSE,332,baixa
TJCE_JE_30004376620198060006,4,citacao,2019-05-03T14:45:07Z,2019-06-26T10:09:50Z,53.8088310185185,FALSE,60,media
TJCE_JE_30004376620198060006,5,defesa,2019-06-26T10:09:50Z,2019-06-26T14:38:05Z,0.186284722222222,FALSE,85,alta
TJCE_JE_30004376620198060006,6,audiencia,2019-06-26T14:38:05Z,2019-07-29T10:35:24Z,32.8314699074074,FALSE,970,alta
TJCE_JE_30004376620198060006,7,conclusao,2019-07-29T10:35:24Z,2019-09-11T17:07:36Z,44.2723611111111,FALSE,51,alta
TJCE_JE_30004376620198060006,8,secretaria,2019-09-11T17:07:36Z,2019-09-16T14:13:17Z,4.87894675925926,FALSE,11010,baixa
TJCE_JE_30004376620198060006,9,conclusao_julgamento,2019-09-16T14:13:17Z,2019-10-13T15:59:00Z,27.0734143518519,FALSE,51,alta
TJCE_JE_30004376620198060006,10,secretaria,2019-10-13T15:59:00Z,2020-06-25T10:54:44Z,255.788703703704,FALSE,1051,baixa
TJCE_JE_30004376620198060006,11,sentenca,2020-06-25T10:54:44Z,2020-08-04T15:18:56Z,40.1834722222222,FALSE,221,alta
TJCE_JE_30004376620198060006,12,citacao,2020-08-04T15:18:56Z,2021-05-19T09:20:08Z,287.750833333333,FALSE,60,media
TJCE_JE_30004376620198060006,13,secretaria,2021-05-19T09:20:08Z,2021-11-30T18:36:54Z,195.386643518519,FALSE,60,baixa
TJCE_JE_30004376620198060006,14,conclusao,2021-11-30T18:36:54Z,2021-12-16T17:49:29Z,15.9670717592593,FALSE,51,alta
TJCE_JE_30004376620198060006,15,secretaria,2021-12-16T17:49:29Z,2022-03-29T14:15:17Z,102.85125,FALSE,11010,baixa
TJCE_JE_30004376620198060006,16,conclusao,2022-03-29T14:15:17Z,2022-04-16T14:23:46Z,18.0058912037037,FALSE,51,alta
TJCE_JE_30004376620198060006,17,secretaria,2022-04-16T14:23:46Z,2022-04-19T14:22:34Z,2.99916666666667,FALSE,11010,baixa
TJCE_JE_30004376620198060006,18,baixa,2022-04-19T14:22:34Z,2025-06-26T14:37:08Z,1164.01011574074,FALSE,246,alta
TJCE_JE_30004376620198060006,19,secretaria,2025-06-26T14:37:08Z,2025-06-26T14:37:16Z,9.25925925925926e-05,FALSE,849,alta
TJCE_JE_30004376620198060006,20,conclusao,2025-06-26T14:37:16Z,2025-08-16T15:38:09Z,51.0422800925926,FALSE,51,alta
TJCE_JE_30004376620198060006,21,secretaria,2025-08-16T15:38:09Z,2025-09-18T15:39:03Z,33.000625,FALSE,11010,baixa
TJCE_JE_30004376620198060006,22,conclusao_julgamento,2025-09-18T15:39:03Z,2025-09-18T17:36:43Z,0.081712962962963,FALSE,51,alta
TJCE_JE_30004376620198060006,23,sentenca,2025-09-18T17:36:43Z,2025-09-20T20:09:08Z,2.10584490740741,FALSE,466,alta
TJCE_JE_30004376620198060006,24,baixa,2025-09-20T20:09:08Z,2025-10-13T12:58:43Z,22.701099537037,TRUE,246,alta
TJCE_JE_30006759720198060002,1,distribuicao,2019-02-27T10:01:24Z,2019-02-27T10:01:27Z,3.47222222222222e-05,FALSE,26,alta
TJCE_JE_30006759720198060002,2,secretaria,2019-02-27T10:01:27Z,2019-02-27T10:01:28Z,1.15740740740741e-05,FALSE,60,baixa
TJCE_JE_30006759720198060002,3,conclusao,2019-02-27T10:01:28Z,2019-02-27T15:40:51Z,0.23568287037037,FALSE,51,alta
TJCE_JE_30006759720198060002,4,secretaria,2019-02-27T15:40:51Z,2019-02-28T13:23:14Z,0.90443287037037,FALSE,11010,baixa
TJCE_JE_30006759720198060002,5,citacao,2019-02-28T13:23:14Z,2019-06-24T13:04:42Z,115.98712962963,FALSE,60,media
TJCE_JE_30006759720198060002,6,secretaria,2019-06-24T13:04:42Z,2019-08-07T14:24:11Z,44.0551967592593,FALSE,60,baixa
TJCE_JE_30006759720198060002,7,conclusao,2019-08-07T14:24:11Z,2019-08-10T13:57:24Z,2.98140046296296,FALSE,51,alta
TJCE_JE_30006759720198060002,8,secretaria,2019-08-10T13:57:24Z,2019-08-14T12:17:56Z,3.93092592592593,FALSE,11010,baixa
TJCE_JE_30006759720198060002,9,citacao,2019-08-14T12:17:56Z,2019-10-13T16:13:12Z,60.1633796296296,FALSE,60,media
TJCE_JE_30006759720198060002,10,secretaria,2019-10-13T16:13:12Z,2019-11-18T12:23:58Z,35.8408101851852,FALSE,1051,baixa
TJCE_JE_30006759720198060002,11,conclusao,2019-11-18T12:23:58Z,2019-11-19T05:22:14Z,0.70712962962963,FALSE,51,alta
TJCE_JE_30006759720198060002,12,secretaria,2019-11-19T05:22:14Z,2020-01-16T15:07:28Z,58.406412037037,FALSE,11010,baixa
TJCE_JE_30006759720198060002,13,citacao,2020-01-16T15:07:28Z,2020-04-29T10:10:08Z,103.793518518519,FALSE,60,media
TJCE_JE_30006759720198060002,14,secretaria,2020-04-29T10:10:08Z,2022-04-08T10:57:24Z,709.032824074074,FALSE,60,baixa
TJCE_JE_30006759720198060002,15,citacao,2022-04-08T10:57:24Z,2022-07-11T17:39:38Z,94.2793287037037,FALSE,60,media
TJCE_JE_30006759720198060002,16,conclusao,2022-07-11T17:39:38Z,2022-07-12T09:27:39Z,0.658344907407407,FALSE,51,alta
TJCE_JE_30006759720198060002,17,secretaria,2022-07-12T09:27:39Z,2022-07-25T17:02:46Z,13.3160532407407,FALSE,11010,baixa
TJCE_JE_30006759720198060002,18,conclusao_julgamento,2022-07-25T17:02:46Z,2022-07-26T12:50:15Z,0.824641203703704,FALSE,51,alta
TJCE_JE_30006759720198060002,19,sentenca,2022-07-26T12:50:15Z,2022-07-27T11:04:33Z,0.926597222222222,FALSE,11376,alta
TJCE_JE_30006759720198060002,20,secretaria,2022-07-27T11:04:33Z,2022-08-22T16:05:47Z,26.2091898148148,FALSE,60,baixa
TJCE_JE_30006759720198060002,21,recurso,2022-08-22T16:05:47Z,2022-08-22T16:25:32Z,0.0137152777777778,FALSE,85,alta
TJCE_JE_30006759720198060002,22,conclusao,2022-08-22T16:25:32Z,2022-08-22T16:31:24Z,0.00407407407407407,FALSE,51,alta
TJCE_JE_30006759720198060002,23,secretaria,2022-08-22T16:31:24Z,2022-10-10T11:52:15Z,48.8061458333333,FALSE,11020,baixa
TJCE_JE_30006759720198060002,24,conclusao,2022-10-10T11:52:15Z,2022-10-13T09:41:07Z,2.90893518518519,FALSE,51,alta
TJCE_JE_30006759720198060002,25,citacao,2022-10-13T09:41:07Z,2022-11-10T16:42:49Z,28.2928472222222,FALSE,60,media
TJCE_JE_30006759720198060002,26,recurso,2022-11-10T16:42:49Z,2025-05-30T08:40:42Z,931.665196759259,FALSE,123,alta
TJCE_JE_30006759720198060002,27,secretaria,2025-05-30T08:40:42Z,2025-05-30T08:40:47Z,5.78703703703704e-05,FALSE,849,alta
TJCE_JE_30006759720198060002,28,conclusao,2025-05-30T08:40:47Z,2025-06-04T15:45:26Z,5.29489583333333,FALSE,51,alta
TJCE_JE_30006759720198060002,29,secretaria,2025-06-04T15:45:26Z,2025-09-01T09:25:29Z,88.7361458333333,FALSE,11010,baixa
TJCE_JE_30006759720198060002,30,conclusao_julgamento,2025-09-01T09:25:29Z,2025-09-02T09:44:25Z,1.01314814814815,FALSE,51,alta
TJCE_JE_30006759720198060002,31,sentenca,2025-09-02T09:44:25Z,2025-09-03T00:00:00Z,0.594155092592593,FALSE,466,alta
TJCE_JE_30006759720198060002,32,secretaria,2025-09-03T00:00:00Z,2025-09-22T13:49:57Z,19.5763541666667,FALSE,1061,baixa
TJCE_JE_30006759720198060002,33,baixa,2025-09-22T13:49:57Z,2025-10-13T12:58:53Z,20.964537037037,TRUE,246,alta
TJCE_JE_30013025320198060018,1,distribuicao,2019-11-19T14:56:34Z,2021-01-12T14:37:57Z,419.987071759259,FALSE,26,alta
TJCE_JE_30013025320198060018,2,secretaria,2021-01-12T14:37:57Z,2021-09-13T16:26:12Z,244.075173611111,FALSE,60,baixa
TJCE_JE_30013025320198060018,3,citacao,2021-09-13T16:26:12Z,2021-10-04T15:29:18Z,20.9604861111111,FALSE,60,media
TJCE_JE_30013025320198060018,4,audiencia,2021-10-04T15:29:18Z,2021-10-04T15:38:50Z,0.00662037037037037,FALSE,970,alta
TJCE_JE_30013025320198060018,5,conclusao_julgamento,2021-10-04T15:38:50Z,2021-10-06T10:51:03Z,1.80015046296296,FALSE,51,alta
TJCE_JE_30013025320198060018,6,sentenca,2021-10-06T10:51:03Z,2021-10-06T11:39:28Z,0.0336226851851852,FALSE,11376,alta
TJCE_JE_30013025320198060018,7,citacao,2021-10-06T11:39:28Z,2025-02-14T14:55:53Z,1227.13640046296,FALSE,60,media
TJCE_JE_30013025320198060018,8,secretaria,2025-02-14T14:55:53Z,2025-09-10T09:30:28Z,207.774016203704,FALSE,60,baixa
TJCE_JE_30013025320198060018,9,baixa,2025-09-10T09:30:28Z,2025-10-13T13:08:04Z,33.1511111111111,TRUE,246,alta
TJSP_G1_00082443520198260071,1,distribuicao,2019-04-09T11:05:04Z,2019-04-09T11:11:25Z,0.00440972222222222,FALSE,26,alta
TJSP_G1_00082443520198260071,2,audiencia,2019-04-09T11:11:25Z,2019-04-09T16:41:15Z,0.229050925925926,FALSE,970,alta
TJSP_G1_00082443520198260071,3,secretaria,2019-04-09T16:41:15Z,2019-04-10T09:42:21Z,0.709097222222222,FALSE,60,baixa
TJSP_G1_00082443520198260071,4,citacao,2019-04-10T09:42:21Z,2019-04-25T09:39:42Z,14.9981597222222,FALSE,60,media
TJSP_G1_00082443520198260071,5,secretaria,2019-04-25T09:39:42Z,2019-04-25T14:04:02Z,0.183564814814815,FALSE,11383,baixa
TJSP_G1_00082443520198260071,6,citacao,2019-04-25T14:04:02Z,2019-05-27T15:02:13Z,32.0404050925926,FALSE,60,media
TJSP_G1_00082443520198260071,7,secretaria,2019-05-27T15:02:13Z,2019-05-27T17:05:26Z,0.0855671296296296,FALSE,11383,baixa
TJSP_G1_00082443520198260071,8,citacao,2019-05-27T17:05:26Z,2019-06-08T08:12:04Z,11.6296064814815,FALSE,60,media
TJSP_G1_00082443520198260071,9,secretaria,2019-06-08T08:12:04Z,2019-06-10T11:55:06Z,2.15488425925926,FALSE,60,baixa
TJSP_G1_00082443520198260071,10,conclusao,2019-06-10T11:55:06Z,2019-06-13T16:30:23Z,3.19116898148148,FALSE,51,alta
TJSP_G1_00082443520198260071,11,secretaria,2019-06-13T16:30:23Z,2019-06-14T16:01:42Z,0.980081018518518,FALSE,11010,baixa
TJSP_G1_00082443520198260071,12,conclusao,2019-06-14T16:01:42Z,2019-06-17T11:55:06Z,2.82875,FALSE,51,alta
TJSP_G1_00082443520198260071,13,secretaria,2019-06-17T11:55:06Z,2019-06-18T12:09:58Z,1.01032407407407,FALSE,11010,baixa
TJSP_G1_00082443520198260071,14,conclusao,2019-06-18T12:09:58Z,2019-06-18T13:09:03Z,0.0410300925925926,FALSE,51,alta
TJSP_G1_00082443520198260071,15,secretaria,2019-06-18T13:09:03Z,2019-06-18T13:20:28Z,0.00792824074074074,FALSE,60,baixa
TJSP_G1_00082443520198260071,16,conclusao,2019-06-18T13:20:28Z,2019-06-18T16:12:46Z,0.119652777777778,FALSE,51,alta
TJSP_G1_00082443520198260071,17,citacao,2019-06-18T16:12:46Z,2019-06-19T11:53:22Z,0.819861111111111,FALSE,60,media
TJSP_G1_00082443520198260071,18,secretaria,2019-06-19T11:53:22Z,2019-11-25T15:24:18Z,159.146481481482,FALSE,11010,baixa
TJSP_G1_00082443520198260071,19,conclusao,2019-11-25T15:24:18Z,2019-11-27T09:38:11Z,1.7596412037037,FALSE,51,alta
TJSP_G1_00082443520198260071,20,secretaria,2019-11-27T09:38:11Z,2019-12-02T11:56:34Z,5.09609953703704,FALSE,11010,baixa
TJSP_G1_00082443520198260071,21,citacao,2019-12-02T11:56:34Z,2019-12-04T13:16:44Z,2.0556712962963,FALSE,60,media
TJSP_G1_00082443520198260071,22,secretaria,2019-12-04T13:16:44Z,2020-01-10T16:12:58Z,37.1223842592593,FALSE,123,baixa
TJSP_G1_00082443520198260071,23,citacao,2020-01-10T16:12:58Z,2020-01-25T04:50:26Z,14.5260185185185,FALSE,60,media
TJSP_G1_00082443520198260071,24,secretaria,2020-01-25T04:50:26Z,2020-02-27T09:59:24Z,33.2145601851852,FALSE,11383,baixa
TJSP_G1_00082443520198260071,25,conclusao,2020-02-27T09:59:24Z,2020-02-29T09:53:38Z,1.99599537037037,FALSE,51,alta
TJSP_G1_00082443520198260071,26,secretaria,2020-02-29T09:53:38Z,2020-04-06T11:34:24Z,37.0699768518519,FALSE,11010,baixa
TJSP_G1_00082443520198260071,27,conclusao,2020-04-06T11:34:24Z,2020-04-06T14:47:57Z,0.134409722222222,FALSE,51,alta
TJSP_G1_00082443520198260071,28,secretaria,2020-04-06T14:47:57Z,2020-05-18T16:32:26Z,42.0725578703704,FALSE,11010,baixa
TJSP_G1_00082443520198260071,29,citacao,2020-05-18T16:32:26Z,2020-06-08T03:13:41Z,20.4453125,FALSE,60,media
TJSP_G1_00082443520198260071,30,secretaria,2020-06-08T03:13:41Z,2020-06-16T16:14:13Z,8.54203703703704,FALSE,11383,baixa
TJSP_G1_00082443520198260071,31,citacao,2020-06-16T16:14:13Z,2020-07-03T04:26:45Z,16.5087037037037,FALSE,60,media
TJSP_G1_00082443520198260071,32,secretaria,2020-07-03T04:26:45Z,2020-07-24T14:30:09Z,21.4190277777778,FALSE,11383,baixa
TJSP_G1_00082443520198260071,33,conclusao,2020-07-24T14:30:09Z,2020-08-05T10:30:04Z,11.833275462963,FALSE,51,alta
TJSP_G1_00082443520198260071,34,secretaria,2020-08-05T10:30:04Z,2020-08-17T12:20:05Z,12.076400462963,FALSE,11010,baixa
TJSP_G1_00082443520198260071,35,citacao,2020-08-17T12:20:05Z,2020-10-01T13:29:19Z,45.0480787037037,FALSE,60,media
TJSP_G1_00082443520198260071,36,secretaria,2020-10-01T13:29:19Z,2020-10-02T15:57:02Z,1.10258101851852,FALSE,11383,baixa
TJSP_G1_00082443520198260071,37,citacao,2020-10-02T15:57:02Z,2020-10-13T13:56:21Z,10.9161921296296,FALSE,60,media
TJSP_G1_00082443520198260071,38,conclusao,2020-10-13T13:56:21Z,2020-10-22T21:26:29Z,9.31259259259259,FALSE,51,alta
TJSP_G1_00082443520198260071,39,sentenca,2020-10-22T21:26:29Z,2020-10-26T12:40:32Z,3.63475694444444,FALSE,220,alta
TJSP_G1_00082443520198260071,40,citacao,2020-10-26T12:40:32Z,2020-10-26T13:42:26Z,0.0429861111111111,FALSE,60,media
TJSP_G1_00082443520198260071,41,secretaria,2020-10-26T13:42:26Z,2020-12-16T13:12:00Z,50.9788657407407,FALSE,123,baixa
TJSP_G1_00082443520198260071,42,baixa,2020-12-16T13:12:00Z,2024-08-02T00:08:07Z,1324.45563657407,TRUE,22,alta
TJSP_G1_00129523120198260071,1,distribuicao,2019-05-31T12:52:57Z,2019-05-31T12:55:20Z,0.00165509259259259,FALSE,26,alta
TJSP_G1_00129523120198260071,2,audiencia,2019-05-31T12:55:20Z,2019-06-03T10:01:33Z,2.87931712962963,FALSE,970,alta
TJSP_G1_00129523120198260071,3,secretaria,2019-06-03T10:01:33Z,2019-06-03T12:19:31Z,0.0958101851851852,FALSE,60,baixa
TJSP_G1_00129523120198260071,4,citacao,2019-06-03T12:19:31Z,2019-08-07T08:24:09Z,64.8365509259259,FALSE,60,media
TJSP_G1_00129523120198260071,5,secretaria,2019-08-07T08:24:09Z,2019-08-15T14:15:15Z,8.24381944444444,FALSE,60,baixa
TJSP_G1_00129523120198260071,6,conclusao,2019-08-15T14:15:15Z,2019-08-19T17:09:53Z,4.12127314814815,FALSE,51,alta
TJSP_G1_00129523120198260071,7,secretaria,2019-08-19T17:09:53Z,2019-08-21T09:26:37Z,1.67828703703704,FALSE,12164,baixa
TJSP_G1_00129523120198260071,8,citacao,2019-08-21T09:26:37Z,2019-08-29T09:22:32Z,7.99716435185185,FALSE,60,media
TJSP_G1_00129523120198260071,9,secretaria,2019-08-29T09:22:32Z,2019-09-23T13:15:21Z,25.1616782407407,FALSE,123,baixa
TJSP_G1_00129523120198260071,10,conclusao_julgamento,2019-09-23T13:15:21Z,2019-09-30T17:02:25Z,7.15768518518519,FALSE,51,alta
TJSP_G1_00129523120198260071,11,sentenca,2019-09-30T17:02:25Z,2019-10-07T13:45:22Z,6.86315972222222,FALSE,219,alta
TJSP_G1_00129523120198260071,12,secretaria,2019-10-07T13:45:22Z,2019-10-11T10:01:12Z,3.8443287037037,FALSE,123,baixa
TJSP_G1_00129523120198260071,13,citacao,2019-10-11T10:01:12Z,2019-11-20T14:56:53Z,40.2053356481482,FALSE,60,media
TJSP_G1_00129523120198260071,14,conclusao,2019-11-20T14:56:53Z,2019-11-22T11:35:50Z,1.86038194444444,FALSE,51,alta
TJSP_G1_00129523120198260071,15,secretaria,2019-11-22T11:35:50Z,2020-01-09T15:20:27Z,48.1559837962963,FALSE,11010,baixa
TJSP_G1_00129523120198260071,16,baixa,2020-01-09T15:20:27Z,2024-08-02T00:07:37Z,1666.36608796296,TRUE,22,alta
TJSP_G1_00129982020198260071,1,distribuicao,2019-05-31T15:36:22Z,2019-06-03T11:53:30Z,2.84523148148148,FALSE,26,alta
TJSP_G1_00129982020198260071,2,secretaria,2019-06-03T11:53:30Z,2019-06-03T11:54:19Z,0.00056712962962963,FALSE,60,baixa
TJSP_G1_00129982020198260071,3,conclusao,2019-06-03T11:54:19Z,2019-06-03T12:33:52Z,0.0274652777777778,FALSE,51,alta
TJSP_G1_00129982020198260071,4,secretaria,2019-06-03T12:33:52Z,2019-06-07T16:52:44Z,4.17976851851852,FALSE,11010,baixa
TJSP_G1_00129982020198260071,5,citacao,2019-06-07T16:52:44Z,2019-06-17T12:16:55Z,9.80846064814815,FALSE,60,media
TJSP_G1_00129982020198260071,6,conclusao,2019-06-17T12:16:55Z,2019-06-17T14:22:26Z,0.0871643518518519,FALSE,51,alta
TJSP_G1_00129982020198260071,7,secretaria,2019-06-17T14:22:26Z,2019-06-18T16:08:07Z,1.0733912037037,FALSE,785,baixa
TJSP_G1_00129982020198260071,8,citacao,2019-06-18T16:08:07Z,2019-07-17T11:03:09Z,28.7882175925926,FALSE,60,media
TJSP_G1_00129982020198260071,9,conclusao_julgamento,2019-07-17T11:03:09Z,2019-07-17T11:04:21Z,0.000833333333333333,FALSE,51,alta
TJSP_G1_00129982020198260071,10,secretaria,2019-07-17T11:04:21Z,2019-07-18T14:04:54Z,1.12538194444444,FALSE,60,baixa
TJSP_G1_00129982020198260071,11,citacao,2019-07-18T14:04:54Z,2019-07-25T11:21:49Z,6.88674768518519,FALSE,60,media
TJSP_G1_00129982020198260071,12,secretaria,2019-07-25T11:21:49Z,2019-09-05T12:11:26Z,42.0344560185185,FALSE,123,baixa
TJSP_G1_00129982020198260071,13,conclusao_julgamento,2019-09-05T12:11:26Z,2019-09-09T13:01:13Z,4.03457175925926,FALSE,51,alta
TJSP_G1_00129982020198260071,14,sentenca,2019-09-09T13:01:13Z,2019-09-11T14:41:31Z,2.06965277777778,FALSE,221,alta
TJSP_G1_00129982020198260071,15,citacao,2019-09-11T14:41:31Z,2019-09-16T15:39:52Z,5.04052083333333,FALSE,60,media
TJSP_G1_00129982020198260071,16,secretaria,2019-09-16T15:39:52Z,2019-10-09T10:54:54Z,22.8021064814815,FALSE,123,baixa
TJSP_G1_00129982020198260071,17,conclusao,2019-10-09T10:54:54Z,2019-10-09T10:57:34Z,0.00185185185185185,FALSE,51,alta
TJSP_G1_00129982020198260071,18,secretaria,2019-10-09T10:57:34Z,2019-10-18T10:29:17Z,8.9803587962963,FALSE,60,baixa
TJSP_G1_00129982020198260071,19,conclusao,2019-10-18T10:29:17Z,2019-10-22T12:22:11Z,4.07840277777778,FALSE,51,alta
TJSP_G1_00129982020198260071,20,secretaria,2019-10-22T12:22:11Z,2019-10-29T10:44:32Z,6.9321875,FALSE,11010,baixa
TJSP_G1_00129982020198260071,21,conclusao,2019-10-29T10:44:32Z,2019-11-01T09:21:22Z,2.94224537037037,FALSE,51,alta
TJSP_G1_00129982020198260071,22,secretaria,2019-11-01T09:21:22Z,2020-01-14T08:46:32Z,73.9758101851852,FALSE,11010,baixa
TJSP_G1_00129982020198260071,23,conclusao,2020-01-14T08:46:32Z,2020-01-22T13:06:25Z,8.18047453703704,FALSE,51,alta
TJSP_G1_00129982020198260071,24,sentenca,2020-01-22T13:06:25Z,2020-01-28T14:46:23Z,6.0694212962963,FALSE,196,alta
TJSP_G1_00129982020198260071,25,secretaria,2020-01-28T14:46:23Z,2020-01-28T15:33:14Z,0.0325347222222222,FALSE,60,baixa
TJSP_G1_00129982020198260071,26,citacao,2020-01-28T15:33:14Z,2020-01-31T15:08:40Z,2.98293981481481,FALSE,60,media
TJSP_G1_00129982020198260071,27,secretaria,2020-01-31T15:08:40Z,2020-02-20T16:09:26Z,20.0421990740741,FALSE,123,baixa
TJSP_G1_00129982020198260071,28,baixa,2020-02-20T16:09:26Z,2020-02-20T16:32:47Z,0.0162152777777778,FALSE,246,alta
TJSP_G1_00129982020198260071,29,secretaria,2020-02-20T16:32:47Z,2020-02-20T16:32:49Z,2.31481481481482e-05,FALSE,60,baixa
TJSP_G1_00129982020198260071,30,baixa,2020-02-20T16:32:49Z,2020-03-22T22:13:08Z,31.2363310185185,FALSE,22,alta
TJSP_G1_00129982020198260071,31,secretaria,2020-03-22T22:13:08Z,2024-08-02T00:07:55Z,1593.07971064815,TRUE,11383,baixa
TJSP_G1_00129990520198260071,1,distribuicao,2019-05-31T15:46:08Z,2019-05-31T15:49:07Z,0.00207175925925926,FALSE,26,alta
TJSP_G1_00129990520198260071,2,audiencia,2019-05-31T15:49:07Z,2019-06-03T10:13:35Z,2.76699074074074,FALSE,970,alta
TJSP_G1_00129990520198260071,3,secretaria,2019-06-03T10:13:35Z,2019-06-03T12:20:01Z,0.0878009259259259,FALSE,60,baixa
TJSP_G1_00129990520198260071,4,citacao,2019-06-03T12:20:01Z,2019-08-07T14:43:04Z,65.0993402777778,FALSE,60,media
TJSP_G1_00129990520198260071,5,conclusao,2019-08-07T14:43:04Z,2019-08-16T12:31:40Z,8.90875,FALSE,51,alta
TJSP_G1_00129990520198260071,6,secretaria,2019-08-16T12:31:40Z,2019-08-19T09:16:53Z,2.8647337962963,FALSE,332,baixa
TJSP_G1_00129990520198260071,7,citacao,2019-08-19T09:16:53Z,2019-08-20T14:55:23Z,1.23506944444444,FALSE,60,media
TJSP_G1_00129990520198260071,8,secretaria,2019-08-20T14:55:23Z,2019-08-30T15:41:27Z,10.0319907407407,FALSE,123,baixa
TJSP_G1_00129990520198260071,9,conclusao_julgamento,2019-08-30T15:41:27Z,2019-09-05T17:13:03Z,6.06361111111111,FALSE,51,alta
TJSP_G1_00129990520198260071,10,sentenca,2019-09-05T17:13:03Z,2019-09-12T15:02:15Z,6.90916666666667,FALSE,220,alta
TJSP_G1_00129990520198260071,11,citacao,2019-09-12T15:02:15Z,2019-09-23T10:50:55Z,10.825462962963,FALSE,60,media
TJSP_G1_00129990520198260071,12,secretaria,2019-09-23T10:50:55Z,2019-09-24T11:46:51Z,1.03884259259259,FALSE,123,baixa
TJSP_G1_00129990520198260071,13,conclusao,2019-09-24T11:46:51Z,2019-09-24T11:49:27Z,0.00180555555555556,FALSE,51,alta
TJSP_G1_00129990520198260071,14,secretaria,2019-09-24T11:49:27Z,2019-10-09T08:54:29Z,14.8784953703704,FALSE,60,baixa
TJSP_G1_00129990520198260071,15,conclusao,2019-10-09T08:54:29Z,2019-10-09T15:54:20Z,0.2915625,FALSE,51,alta
TJSP_G1_00129990520198260071,16,secretaria,2019-10-09T15:54:20Z,2019-10-22T14:33:23Z,12.9437847222222,FALSE,11010,baixa
TJSP_G1_00129990520198260071,17,recurso,2019-10-22T14:33:23Z,2020-03-02T13:23:08Z,131.951215277778,FALSE,123,alta
TJSP_G1_00129990520198260071,18,secretaria,2020-03-02T13:23:08Z,2020-03-02T13:23:40Z,0.00037037037037037,FALSE,60,baixa
TJSP_G1_00129990520198260071,19,conclusao,2020-03-02T13:23:40Z,2020-03-02T15:27:19Z,0.0858680555555556,FALSE,51,alta
TJSP_G1_00129990520198260071,20,secretaria,2020-03-02T15:27:19Z,2020-04-03T19:31:27Z,32.169537037037,FALSE,11010,baixa
TJSP_G1_00129990520198260071,21,conclusao,2020-04-03T19:31:27Z,2020-04-06T14:45:49Z,2.80164351851852,FALSE,51,alta
TJSP_G1_00129990520198260071,22,secretaria,2020-04-06T14:45:49Z,2020-05-29T10:54:47Z,52.8395601851852,FALSE,11010,baixa
TJSP_G1_00129990520198260071,23,baixa,2020-05-29T10:54:47Z,2021-02-23T14:09:38Z,270.1353125,FALSE,22,alta
TJSP_G1_00129990520198260071,24,secretaria,2021-02-23T14:09:38Z,2021-08-04T11:19:29Z,161.881840277778,FALSE,11383,baixa
TJSP_G1_00129990520198260071,25,conclusao,2021-08-04T11:19:29Z,2021-08-05T09:53:57Z,0.940601851851852,FALSE,51,alta
TJSP_G1_00129990520198260071,26,secretaria,2021-08-05T09:53:57Z,2024-08-02T00:07:56Z,1092.59304398148,TRUE,11010,baixa
TJSP_G1_00156345620198260071,1,distribuicao,2019-07-02T11:36:34Z,2019-07-03T12:18:19Z,1.02899305555556,FALSE,26,alta
TJSP_G1_00156345620198260071,2,secretaria,2019-07-03T12:18:19Z,2019-07-05T10:15:07Z,1.91444444444444,FALSE,60,baixa
TJSP_G1_00156345620198260071,3,citacao,2019-07-05T10:15:07Z,2019-11-26T09:22:27Z,143.963425925926,FALSE,60,media
TJSP_G1_00156345620198260071,4,audiencia,2019-11-26T09:22:27Z,2019-11-26T12:38:19Z,0.136018518518519,FALSE,970,alta
TJSP_G1_00156345620198260071,5,secretaria,2019-11-26T12:38:19Z,2019-11-28T11:46:48Z,1.96422453703704,FALSE,11010,baixa
TJSP_G1_00156345620198260071,6,citacao,2019-11-28T11:46:48Z,2019-12-12T08:35:21Z,13.8670486111111,FALSE,60,media
TJSP_G1_00156345620198260071,7,sentenca,2019-12-12T08:35:21Z,2020-01-27T08:15:47Z,45.986412037037,FALSE,466,alta
TJSP_G1_00156345620198260071,8,baixa,2020-01-27T08:15:47Z,2020-01-27T11:04:46Z,0.117349537037037,FALSE,246,alta
TJSP_G1_00156345620198260071,9,secretaria,2020-01-27T11:04:46Z,2020-01-27T11:04:48Z,2.31481481481482e-05,FALSE,60,baixa
TJSP_G1_00156345620198260071,10,baixa,2020-01-27T11:04:48Z,2024-08-02T00:07:27Z,1648.54350694444,TRUE,22,alta
TJSP_G1_00156362620198260071,1,distribuicao,2019-07-02T11:37:28Z,2019-07-02T11:39:14Z,0.00122685185185185,FALSE,26,alta
TJSP_G1_00156362620198260071,2,audiencia,2019-07-02T11:39:14Z,2019-07-03T12:34:28Z,1.03835648148148,FALSE,970,alta
TJSP_G1_00156362620198260071,3,secretaria,2019-07-03T12:34:28Z,2019-07-03T16:08:41Z,0.148761574074074,FALSE,60,baixa
TJSP_G1_00156362620198260071,4,citacao,2019-07-03T16:08:41Z,2020-01-08T14:17:18Z,188.922650462963,FALSE,60,media
TJSP_G1_00156362620198260071,5,conclusao,2020-01-08T14:17:18Z,2020-01-23T11:33:11Z,14.8860300925926,FALSE,51,alta
TJSP_G1_00156362620198260071,6,secretaria,2020-01-23T11:33:11Z,2020-01-23T16:13:27Z,0.19462962962963,FALSE,60,baixa
TJSP_G1_00156362620198260071,7,citacao,2020-01-23T16:13:27Z,2020-01-24T15:23:29Z,0.965300925925926,FALSE,60,media
TJSP_G1_00156362620198260071,8,secretaria,2020-01-24T15:23:29Z,2020-02-05T09:25:09Z,11.7511574074074,FALSE,12164,baixa
TJSP_G1_00156362620198260071,9,citacao,2020-02-05T09:25:09Z,2020-03-22T23:07:51Z,46.5713194444444,FALSE,60,media
TJSP_G1_00156362620198260071,10,secretaria,2020-03-22T23:07:51Z,2020-04-20T16:58:28Z,28.7434837962963,FALSE,11383,baixa
TJSP_G1_00156362620198260071,11,conclusao,2020-04-20T16:58:28Z,2020-04-22T17:04:48Z,2.00439814814815,FALSE,51,alta
TJSP_G1_00156362620198260071,12,secretaria,2020-04-22T17:04:48Z,2020-05-12T12:36:15Z,19.8135069444444,FALSE,11010,baixa
TJSP_G1_00156362620198260071,13,conclusao,2020-05-12T12:36:15Z,2020-05-12T12:39:31Z,0.00226851851851852,FALSE,51,alta
TJSP_G1_00156362620198260071,14,secretaria,2020-05-12T12:39:31Z,2020-06-10T11:47:29Z,28.9638657407407,FALSE,60,baixa
TJSP_G1_00156362620198260071,15,citacao,2020-06-10T11:47:29Z,2020-06-23T10:50:13Z,12.9602314814815,FALSE,60,media
TJSP_G1_00156362620198260071,16,conclusao,2020-06-23T10:50:13Z,2020-06-24T07:57:17Z,0.879907407407407,FALSE,51,alta
TJSP_G1_00156362620198260071,17,secretaria,2020-06-24T07:57:17Z,2020-07-29T17:04:20Z,35.3798958333333,FALSE,11010,baixa
TJSP_G1_00156362620198260071,18,citacao,2020-07-29T17:04:20Z,2020-10-22T14:00:27Z,84.8723032407408,FALSE,60,media
TJSP_G1_00156362620198260071,19,secretaria,2020-10-22T14:00:27Z,2020-10-22T14:01:22Z,0.000636574074074074,FALSE,60,baixa
TJSP_G1_00156362620198260071,20,conclusao,2020-10-22T14:01:22Z,2020-11-03T09:59:51Z,11.8322800925926,FALSE,51,alta
TJSP_G1_00156362620198260071,21,sentenca,2020-11-03T09:59:51Z,2020-11-03T17:06:11Z,0.296064814814815,FALSE,220,alta
TJSP_G1_00156362620198260071,22,citacao,2020-11-03T17:06:11Z,2020-11-05T10:35:27Z,1.72865740740741,FALSE,60,media
TJSP_G1_00156362620198260071,23,secretaria,2020-11-05T10:35:27Z,2021-01-07T16:15:22Z,63.2360532407407,FALSE,123,baixa
TJSP_G1_00156362620198260071,24,baixa,2021-01-07T16:15:22Z,2024-08-02T00:07:28Z,1302.32784722222,TRUE,22,alta
TJSP_G1_00240293720198260071,1,distribuicao,2019-10-01T08:34:51Z,2019-10-01T10:00:29Z,0.0594675925925926,FALSE,26,alta
TJSP_G1_00240293720198260071,2,secretaria,2019-10-01T10:00:29Z,2019-10-10T10:34:23Z,9.02354166666667,FALSE,60,baixa
TJSP_G1_00240293720198260071,3,citacao,2019-10-10T10:34:23Z,2019-10-31T14:56:49Z,21.1822453703704,FALSE,60,media
TJSP_G1_00240293720198260071,4,conclusao,2019-10-31T14:56:49Z,2019-11-01T09:20:51Z,0.766689814814815,FALSE,51,alta
TJSP_G1_00240293720198260071,5,secretaria,2019-11-01T09:20:51Z,2019-11-01T11:43:54Z,0.0993402777777778,FALSE,11010,baixa
TJSP_G1_00240293720198260071,6,conclusao,2019-11-01T11:43:54Z,2019-11-01T12:05:51Z,0.0152430555555556,FALSE,51,alta
TJSP_G1_00240293720198260071,7,sentenca,2019-11-01T12:05:51Z,2019-11-18T14:16:41Z,17.0908564814815,FALSE,466,alta
TJSP_G1_00240293720198260071,8,citacao,2019-11-18T14:16:41Z,2019-11-19T15:35:13Z,1.05453703703704,FALSE,60,media
TJSP_G1_00240293720198260071,9,secretaria,2019-11-19T15:35:13Z,2020-01-29T11:17:54Z,70.8213078703704,FALSE,123,baixa
TJSP_G1_00240293720198260071,10,baixa,2020-01-29T11:17:54Z,2020-01-29T11:26:26Z,0.00592592592592593,FALSE,246,alta
TJSP_G1_00240293720198260071,11,secretaria,2020-01-29T11:26:26Z,2020-01-29T11:26:28Z,2.31481481481482e-05,FALSE,60,baixa
TJSP_G1_00240293720198260071,12,baixa,2020-01-29T11:26:28Z,2024-08-02T00:12:37Z,1646.53204861111,TRUE,22,alta
TJSP_G1_10005477620198260060,1,distribuicao,2019-05-21T01:30:30Z,2019-05-29T18:13:13Z,8.69633101851852,FALSE,26,alta
TJSP_G1_10005477620198260060,2,conclusao,2019-05-29T18:13:13Z,2019-06-07T13:43:37Z,8.81277777777778,FALSE,51,alta
TJSP_G1_10005477620198260060,3,secretaria,2019-06-07T13:43:37Z,2019-07-17T17:33:43Z,40.1597916666667,FALSE,12164,baixa
TJSP_G1_10005477620198260060,4,conclusao,2019-07-17T17:33:43Z,2019-09-04T13:36:10Z,48.8350347222222,FALSE,51,alta
TJSP_G1_10005477620198260060,5,secretaria,2019-09-04T13:36:10Z,2019-10-04T18:47:21Z,30.216099537037,FALSE,12164,baixa
TJSP_G1_10005477620198260060,6,conclusao,2019-10-04T18:47:21Z,2019-10-07T12:29:40Z,2.73771990740741,FALSE,51,alta
TJSP_G1_10005477620198260060,7,secretaria,2019-10-07T12:29:40Z,2019-11-28T09:51:29Z,51.890150462963,FALSE,11383,baixa
TJSP_G1_10005477620198260060,8,conclusao,2019-11-28T09:51:29Z,2019-12-02T13:43:17Z,4.16097222222222,FALSE,51,alta
TJSP_G1_10005477620198260060,9,secretaria,2019-12-02T13:43:17Z,2020-08-18T18:29:02Z,260.1984375,FALSE,11010,baixa
TJSP_G1_10005477620198260060,10,conclusao,2020-08-18T18:29:02Z,2020-09-28T16:33:34Z,40.9198148148148,FALSE,51,alta
TJSP_G1_10005477620198260060,11,secretaria,2020-09-28T16:33:34Z,2024-08-02T03:55:53Z,1403.47383101852,TRUE,11010,baixa
TJSP_G1_10005676720198260060,1,distribuicao,2019-05-24T15:46:09Z,2019-05-27T11:30:11Z,2.82224537037037,FALSE,26,alta
TJSP_G1_10005676720198260060,2,conclusao,2019-05-27T11:30:11Z,2019-06-07T13:41:38Z,11.0912847222222,FALSE,51,alta
TJSP_G1_10005676720198260060,3,secretaria,2019-06-07T13:41:38Z,2019-06-17T09:45:58Z,9.83634259259259,FALSE,785,baixa
TJSP_G1_10005676720198260060,4,citacao,2019-06-17T09:45:58Z,2019-07-04T12:00:17Z,17.093275462963,FALSE,60,media
TJSP_G1_10005676720198260060,5,secretaria,2019-07-04T12:00:17Z,2019-08-07T11:27:06Z,33.9769560185185,FALSE,11383,baixa
TJSP_G1_10005676720198260060,6,audiencia,2019-08-07T11:27:06Z,2019-08-12T10:10:34Z,4.94685185185185,FALSE,970,alta
TJSP_G1_10005676720198260060,7,secretaria,2019-08-12T10:10:34Z,2019-08-14T16:32:21Z,2.26512731481482,FALSE,60,baixa
TJSP_G1_10005676720198260060,8,conclusao,2019-08-14T16:32:21Z,2019-10-14T13:34:53Z,60.8767592592593,FALSE,51,alta
TJSP_G1_10005676720198260060,9,secretaria,2019-10-14T13:34:53Z,2019-10-21T09:48:47Z,6.84298611111111,FALSE,11010,baixa
TJSP_G1_10005676720198260060,10,citacao,2019-10-21T09:48:47Z,2019-11-26T10:57:43Z,36.0478703703704,FALSE,60,media
TJSP_G1_10005676720198260060,11,audiencia,2019-11-26T10:57:43Z,2019-11-26T13:37:26Z,0.110914351851852,FALSE,970,alta
TJSP_G1_10005676720198260060,12,secretaria,2019-11-26T13:37:26Z,2020-01-14T09:59:51Z,48.848900462963,FALSE,60,baixa
TJSP_G1_10005676720198260060,13,conclusao,2020-01-14T09:59:51Z,2020-01-21T13:35:41Z,7.14988425925926,FALSE,51,alta
TJSP_G1_10005676720198260060,14,secretaria,2020-01-21T13:35:41Z,2020-03-26T16:32:42Z,65.1229282407407,FALSE,11010,baixa
TJSP_G1_10005676720198260060,15,conclusao,2020-03-26T16:32:42Z,2020-04-14T15:41:51Z,18.9646875,FALSE,51,alta
TJSP_G1_10005676720198260060,16,secretaria,2020-04-14T15:41:51Z,2020-06-10T15:10:53Z,56.9784953703704,FALSE,11010,baixa
TJSP_G1_10005676720198260060,17,conclusao,2020-06-10T15:10:53Z,2020-06-29T08:02:22Z,18.7024189814815,FALSE,51,alta
TJSP_G1_10005676720198260060,18,conclusao_julgamento,2020-06-29T08:02:22Z,2020-07-03T12:10:12Z,4.17210648148148,FALSE,51,alta
TJSP_G1_10005676720198260060,19,sentenca,2020-07-03T12:10:12Z,2020-07-06T14:15:42Z,3.08715277777778,FALSE,221,alta
TJSP_G1_10005676720198260060,20,secretaria,2020-07-06T14:15:42Z,2020-11-11T22:59:26Z,128.363703703704,FALSE,123,baixa
TJSP_G1_10005676720198260060,21,conclusao,2020-11-11T22:59:26Z,2021-02-18T10:25:28Z,98.476412037037,FALSE,51,alta
TJSP_G1_10005676720198260060,22,secretaria,2021-02-18T10:25:28Z,2021-05-05T12:08:32Z,76.0715740740741,FALSE,11010,baixa
TJSP_G1_10005676720198260060,23,citacao,2021-05-05T12:08:32Z,2021-10-01T21:13:31Z,149.378460648148,FALSE,60,media
TJSP_G1_10005676720198260060,24,secretaria,2021-10-01T21:13:31Z,2022-01-26T15:57:54Z,116.780821759259,FALSE,11383,baixa
TJSP_G1_10005676720198260060,25,conclusao,2022-01-26T15:57:54Z,2022-03-11T16:25:25Z,44.0191087962963,FALSE,51,alta
TJSP_G1_10005676720198260060,26,secretaria,2022-03-11T16:25:25Z,2022-04-19T17:25:29Z,39.041712962963,FALSE,11383,baixa
TJSP_G1_10005676720198260060,27,conclusao,2022-04-19T17:25:29Z,2022-04-20T16:53:06Z,0.977511574074074,FALSE,51,alta
TJSP_G1_10005676720198260060,28,secretaria,2022-04-20T16:53:06Z,2022-04-27T14:17:28Z,6.8919212962963,FALSE,11010,baixa
TJSP_G1_10005676720198260060,29,conclusao,2022-04-27T14:17:28Z,2022-04-27T14:18:51Z,0.000960648148148148,FALSE,51,alta
TJSP_G1_10005676720198260060,30,secretaria,2022-04-27T14:18:51Z,2024-08-02T03:56:04Z,827.567511574074,TRUE,11383,baixa
TJSP_G1_10005945020198260060,1,distribuicao,2019-05-30T18:01:55Z,2019-05-31T11:53:04Z,0.743854166666667,FALSE,26,alta
TJSP_G1_10005945020198260060,2,conclusao,2019-05-31T11:53:04Z,2019-06-07T13:46:31Z,7.07878472222222,FALSE,51,alta
TJSP_G1_10005945020198260060,3,secretaria,2019-06-07T13:46:31Z,2019-11-26T11:18:03Z,171.896898148148,FALSE,785,baixa
TJSP_G1_10005945020198260060,4,conclusao,2019-11-26T11:18:03Z,2020-01-15T17:06:37Z,50.2420601851852,FALSE,51,alta
TJSP_G1_10005945020198260060,5,conclusao_julgamento,2020-01-15T17:06:37Z,2020-01-20T09:21:11Z,4.67678240740741,FALSE,51,alta
TJSP_G1_10005945020198260060,6,sentenca,2020-01-20T09:21:11Z,2020-02-04T13:03:24Z,15.1543171296296,FALSE,219,alta
TJSP_G1_10005945020198260060,7,secretaria,2020-02-04T13:03:24Z,2020-05-04T18:12:20Z,90.214537037037,FALSE,60,baixa
TJSP_G1_10005945020198260060,8,conclusao,2020-05-04T18:12:20Z,2020-05-05T09:18:04Z,0.628981481481482,FALSE,51,alta
TJSP_G1_10005945020198260060,9,secretaria,2020-05-05T09:18:04Z,2020-06-17T13:50:42Z,43.1893287037037,FALSE,11010,baixa
TJSP_G1_10005945020198260060,10,conclusao,2020-06-17T13:50:42Z,2020-06-25T15:07:11Z,8.05311342592593,FALSE,51,alta
TJSP_G1_10005945020198260060,11,secretaria,2020-06-25T15:07:11Z,2021-06-15T14:51:26Z,354.9890625,FALSE,11010,baixa
TJSP_G1_10005945020198260060,12,recurso,2021-06-15T14:51:26Z,2024-08-02T04:28:28Z,1143.56738425926,TRUE,123,alta
TJSP_G1_10006603020198260060,1,distribuicao,2019-06-17T17:16:28Z,2019-06-19T12:48:49Z,1.81413194444444,FALSE,26,alta
TJSP_G1_10006603020198260060,2,conclusao,2019-06-19T12:48:49Z,2019-06-25T13:59:23Z,6.04900462962963,FALSE,51,alta
TJSP_G1_10006603020198260060,3,secretaria,2019-06-25T13:59:23Z,2019-11-11T14:12:35Z,139.009166666667,FALSE,785,baixa
TJSP_G1_10006603020198260060,4,conclusao,2019-11-11T14:12:35Z,2020-01-14T13:47:51Z,63.9828240740741,FALSE,51,alta
TJSP_G1_10006603020198260060,5,conclusao_julgamento,2020-01-14T13:47:51Z,2020-01-17T11:55:30Z,2.92197916666667,FALSE,51,alta
TJSP_G1_10006603020198260060,6,sentenca,2020-01-17T11:55:30Z,2020-02-07T11:42:15Z,20.9907986111111,FALSE,220,alta
TJSP_G1_10006603020198260060,7,secretaria,2020-02-07T11:42:15Z,2021-06-15T14:55:18Z,494.1340625,FALSE,123,baixa
TJSP_G1_10006603020198260060,8,recurso,2021-06-15T14:55:18Z,2021-11-23T22:04:46Z,161.298240740741,FALSE,123,alta
TJSP_G1_10006603020198260060,9,conclusao,2021-11-23T22:04:46Z,2022-03-11T14:26:17Z,107.681608796296,FALSE,51,alta
TJSP_G1_10006603020198260060,10,secretaria,2022-03-11T14:26:17Z,2022-03-15T11:06:43Z,3.86141203703704,FALSE,11383,baixa
TJSP_G1_10006603020198260060,11,conclusao,2022-03-15T11:06:43Z,2022-03-15T15:30:42Z,0.183321759259259,FALSE,51,alta
TJSP_G1_10006603020198260060,12,secretaria,2022-03-15T15:30:42Z,2024-08-02T04:10:39Z,870.527743055556,TRUE,11010,baixa
TJSP_G1_10023075120198260063,1,distribuicao,2019-08-26T11:45:32Z,2019-08-26T13:40:50Z,0.0800694444444445,FALSE,26,alta
TJSP_G1_10023075120198260063,2,conclusao,2019-08-26T13:40:50Z,2019-08-27T11:40:03Z,0.916122685185185,FALSE,51,alta
TJSP_G1_10023075120198260063,3,secretaria,2019-08-27T11:40:03Z,2019-09-09T09:39:00Z,12.9159375,FALSE,12164,baixa
TJSP_G1_10023075120198260063,4,conclusao,2019-09-09T09:39:00Z,2019-10-30T15:18:09Z,51.2355208333333,FALSE,51,alta
TJSP_G1_10023075120198260063,5,sentenca,2019-10-30T15:18:09Z,2019-11-08T14:05:32Z,8.94957175925926,FALSE,220,alta
TJSP_G1_10023075120198260063,6,secretaria,2019-11-08T14:05:32Z,2020-04-02T16:32:48Z,146.102268518519,FALSE,123,baixa
TJSP_G1_10023075120198260063,7,recurso,2020-04-02T16:32:48Z,2020-11-30T11:40:45Z,241.7971875,FALSE,123,alta
TJSP_G1_10023075120198260063,8,conclusao,2020-11-30T11:40:45Z,2020-11-30T19:44:06Z,0.335659722222222,FALSE,51,alta
TJSP_G1_10023075120198260063,9,secretaria,2020-11-30T19:44:06Z,2020-11-30T19:44:27Z,0.000243055555555556,FALSE,12164,baixa
TJSP_G1_10023075120198260063,10,citacao,2020-11-30T19:44:27Z,2020-11-30T20:52:43Z,0.0474074074074074,FALSE,60,media
TJSP_G1_10023075120198260063,11,secretaria,2020-11-30T20:52:43Z,2021-02-25T11:33:12Z,86.6114467592593,FALSE,60,baixa
TJSP_G1_10023075120198260063,12,conclusao,2021-02-25T11:33:12Z,2021-03-18T22:03:37Z,21.4377893518519,FALSE,51,alta
TJSP_G1_10023075120198260063,13,secretaria,2021-03-18T22:03:37Z,2021-08-05T15:14:56Z,139.71619212963,FALSE,12164,baixa
TJSP_G1_10023075120198260063,14,conclusao,2021-08-05T15:14:56Z,2021-09-17T21:19:51Z,43.2534143518519,FALSE,51,alta
TJSP_G1_10023075120198260063,15,secretaria,2021-09-17T21:19:51Z,2021-10-04T13:31:50Z,16.6749884259259,FALSE,12164,baixa
TJSP_G1_10023075120198260063,16,conclusao,2021-10-04T13:31:50Z,2021-10-15T17:26:20Z,11.1628472222222,FALSE,51,alta
TJSP_G1_10023075120198260063,17,secretaria,2021-10-15T17:26:20Z,2022-01-25T16:57:16Z,101.979814814815,FALSE,12164,baixa
TJSP_G1_10023075120198260063,18,conclusao,2022-01-25T16:57:16Z,2022-02-01T11:57:27Z,6.79179398148148,FALSE,51,alta
TJSP_G1_10023075120198260063,19,secretaria,2022-02-01T11:57:27Z,2022-10-25T15:44:53Z,266.157939814815,FALSE,12164,baixa
TJSP_G1_10023075120198260063,20,conclusao_julgamento,2022-10-25T15:44:53Z,2022-11-08T14:23:12Z,13.943275462963,FALSE,51,alta
TJSP_G1_10023075120198260063,21,sentenca,2022-11-08T14:23:12Z,2022-11-09T05:02:42Z,0.610763888888889,FALSE,219,alta
TJSP_G1_10023075120198260063,22,secretaria,2022-11-09T05:02:42Z,2022-11-29T09:49:47Z,20.1993634259259,FALSE,123,baixa
TJSP_G1_10023075120198260063,23,recurso,2022-11-29T09:49:47Z,2024-08-02T04:28:31Z,611.776898148148,TRUE,123,alta
TJSP_G1_10047524120198260322,1,distribuicao,2019-10-05T17:10:14Z,2019-10-07T14:34:26Z,1.89180555555556,FALSE,26,alta
TJSP_G1_10047524120198260322,2,conclusao,2019-10-07T14:34:26Z,2019-10-08T11:44:09Z,0.881747685185185,FALSE,51,alta
TJSP_G1_10047524120198260322,3,secretaria,2019-10-08T11:44:09Z,2019-10-08T11:44:46Z,0.000428240740740741,FALSE,12164,baixa
TJSP_G1_10047524120198260322,4,citacao,2019-10-08T11:44:46Z,2019-10-08T12:59:32Z,0.0519212962962963,FALSE,60,media
TJSP_G1_10047524120198260322,5,secretaria,2019-10-08T12:59:32Z,2019-10-31T10:45:23Z,22.9068402777778,FALSE,60,baixa
TJSP_G1_10047524120198260322,6,conclusao_julgamento,2019-10-31T10:45:23Z,2020-06-02T13:19:19Z,215.106898148148,FALSE,51,alta
TJSP_G1_10047524120198260322,7,sentenca,2020-06-02T13:19:19Z,2020-06-02T13:19:40Z,0.000243055555555556,FALSE,219,alta
TJSP_G1_10047524120198260322,8,secretaria,2020-06-02T13:19:40Z,2020-07-29T11:34:44Z,56.9271296296296,FALSE,60,baixa
TJSP_G1_10047524120198260322,9,recurso,2020-07-29T11:34:44Z,2021-05-13T16:52:24Z,288.220601851852,FALSE,123,alta
TJSP_G1_10047524120198260322,10,conclusao,2021-05-13T16:52:24Z,2021-05-14T11:35:07Z,0.779664351851852,FALSE,51,alta
TJSP_G1_10047524120198260322,11,secretaria,2021-05-14T11:35:07Z,2021-07-02T17:48:31Z,49.2593055555556,FALSE,11010,baixa
TJSP_G1_10047524120198260322,12,conclusao,2021-07-02T17:48:31Z,2021-07-07T13:12:10Z,4.80809027777778,FALSE,51,alta
TJSP_G1_10047524120198260322,13,secretaria,2021-07-07T13:12:10Z,2021-07-28T15:35:19Z,21.0994097222222,FALSE,12164,baixa
TJSP_G1_10047524120198260322,14,baixa,2021-07-28T15:35:19Z,2024-08-02T04:59:09Z,1100.55821759259,TRUE,246,alta
TJSP_G1_10057868420198260408,1,distribuicao,2019-09-30T19:55:15Z,2019-10-01T16:59:52Z,0.878206018518519,FALSE,26,alta
TJSP_G1_10057868420198260408,2,conclusao,2019-10-01T16:59:52Z,2019-10-01T17:18:40Z,0.0130555555555556,FALSE,51,alta
TJSP_G1_10057868420198260408,3,secretaria,2019-10-01T17:18:40Z,2019-10-02T10:36:37Z,0.720798611111111,FALSE,792,baixa
TJSP_G1_10057868420198260408,4,citacao,2019-10-02T10:36:37Z,2019-10-03T14:41:12Z,1.16984953703704,FALSE,60,media
TJSP_G1_10057868420198260408,5,secretaria,2019-10-03T14:41:12Z,2019-10-24T11:25:14Z,20.863912037037,FALSE,123,baixa
TJSP_G1_10057868420198260408,6,conclusao,2019-10-24T11:25:14Z,2019-10-24T15:49:05Z,0.183229166666667,FALSE,51,alta
TJSP_G1_10057868420198260408,7,secretaria,2019-10-24T15:49:05Z,2020-02-17T10:33:33Z,115.78087962963,FALSE,11010,baixa
TJSP_G1_10057868420198260408,8,conclusao,2020-02-17T10:33:33Z,2020-02-18T09:27:32Z,0.954155092592593,FALSE,51,alta
TJSP_G1_10057868420198260408,9,secretaria,2020-02-18T09:27:32Z,2020-06-08T18:33:03Z,111.378831018519,FALSE,11010,baixa
TJSP_G1_10057868420198260408,10,citacao,2020-06-08T18:33:03Z,2020-11-18T10:53:39Z,162.680972222222,FALSE,60,media
TJSP_G1_10057868420198260408,11,conclusao,2020-11-18T10:53:39Z,2020-11-19T08:48:26Z,0.913043981481481,FALSE,51,alta
TJSP_G1_10057868420198260408,12,secretaria,2020-11-19T08:48:26Z,2021-02-02T18:58:23Z,75.4235763888889,FALSE,11010,baixa
TJSP_G1_10057868420198260408,13,conclusao,2021-02-02T18:58:23Z,2021-03-22T09:37:31Z,47.6105092592593,FALSE,51,alta
TJSP_G1_10057868420198260408,14,sentenca,2021-03-22T09:37:31Z,2021-03-23T13:20:24Z,1.15478009259259,FALSE,466,alta
TJSP_G1_10057868420198260408,15,secretaria,2021-03-23T13:20:24Z,2021-05-07T19:43:29Z,45.2660300925926,FALSE,123,baixa
TJSP_G1_10057868420198260408,16,conclusao,2021-05-07T19:43:29Z,2021-05-12T10:46:59Z,4.62743055555556,FALSE,51,alta
TJSP_G1_10057868420198260408,17,sentenca,2021-05-12T10:46:59Z,2021-05-19T13:49:25Z,7.12668981481482,FALSE,463,alta
TJSP_G1_10057868420198260408,18,secretaria,2021-05-19T13:49:25Z,2021-07-19T15:47:58Z,61.0823263888889,FALSE,123,baixa
TJSP_G1_10057868420198260408,19,conclusao,2021-07-19T15:47:58Z,2021-07-20T15:50:26Z,1.00171296296296,FALSE,51,alta
TJSP_G1_10057868420198260408,20,secretaria,2021-07-20T15:50:26Z,2021-10-01T18:48:13Z,73.1234606481482,FALSE,11010,baixa
TJSP_G1_10057868420198260408,21,baixa,2021-10-01T18:48:13Z,2024-08-02T02:06:33Z,1035.30439814815,TRUE,246,alta
TJSP_G1_10074858020198260224,1,distribuicao,2019-03-08T14:04:18Z,2019-03-11T14:52:29Z,3.03346064814815,FALSE,26,alta
TJSP_G1_10074858020198260224,2,conclusao,2019-03-11T14:52:29Z,2019-03-12T10:05:20Z,0.800590277777778,FALSE,51,alta
TJSP_G1_10074858020198260224,3,secretaria,2019-03-12T10:05:20Z,2019-04-03T11:15:23Z,22.0486458333333,FALSE,11010,baixa
TJSP_G1_10074858020198260224,4,conclusao,2019-04-03T11:15:23Z,2019-05-02T19:45:57Z,29.3545601851852,FALSE,51,alta
TJSP_G1_10074858020198260224,5,secretaria,2019-05-02T19:45:57Z,2019-06-17T11:14:43Z,45.6449768518519,FALSE,11010,baixa
TJSP_G1_10074858020198260224,6,citacao,2019-06-17T11:14:43Z,2019-06-27T17:06:07Z,10.2440277777778,FALSE,60,media
TJSP_G1_10074858020198260224,7,secretaria,2019-06-27T17:06:07Z,2019-07-31T14:18:25Z,33.8835416666667,FALSE,11383,baixa
TJSP_G1_10074858020198260224,8,conclusao,2019-07-31T14:18:25Z,2019-10-07T14:04:35Z,67.9903935185185,FALSE,51,alta
TJSP_G1_10074858020198260224,9,secretaria,2019-10-07T14:04:35Z,2019-10-15T11:48:05Z,7.90520833333333,FALSE,11010,baixa
TJSP_G1_10074858020198260224,10,citacao,2019-10-15T11:48:05Z,2019-11-06T16:35:44Z,22.1997569444444,FALSE,60,media
TJSP_G1_10074858020198260224,11,secretaria,2019-11-06T16:35:44Z,2019-11-11T13:54:30Z,4.88803240740741,FALSE,60,baixa
TJSP_G1_10074858020198260224,12,citacao,2019-11-11T13:54:30Z,2019-11-16T21:48:55Z,5.32945601851852,FALSE,60,media
TJSP_G1_10074858020198260224,13,secretaria,2019-11-16T21:48:55Z,2020-01-29T15:16:28Z,73.7274652777778,FALSE,11383,baixa
TJSP_G1_10074858020198260224,14,conclusao,2020-01-29T15:16:28Z,2020-02-12T16:01:43Z,14.0314236111111,FALSE,51,alta
TJSP_G1_10074858020198260224,15,secretaria,2020-02-12T16:01:43Z,2020-03-16T12:32:46Z,32.8548958333333,FALSE,12164,baixa
TJSP_G1_10074858020198260224,16,conclusao,2020-03-16T12:32:46Z,2020-04-25T16:22:50Z,40.1597685185185,FALSE,51,alta
TJSP_G1_10074858020198260224,17,secretaria,2020-04-25T16:22:50Z,2020-06-30T16:34:24Z,66.0080324074074,FALSE,12164,baixa
TJSP_G1_10074858020198260224,18,conclusao,2020-06-30T16:34:24Z,2020-07-04T21:48:43Z,4.21827546296296,FALSE,51,alta
TJSP_G1_10074858020198260224,19,secretaria,2020-07-04T21:48:43Z,2020-07-13T14:27:52Z,8.69385416666667,FALSE,11010,baixa
TJSP_G1_10074858020198260224,20,conclusao,2020-07-13T14:27:52Z,2020-07-20T23:09:48Z,7.3624537037037,FALSE,51,alta
TJSP_G1_10074858020198260224,21,secretaria,2020-07-20T23:09:48Z,2020-07-31T15:48:08Z,10.693287037037,FALSE,11010,baixa
TJSP_G1_10074858020198260224,22,citacao,2020-07-31T15:48:08Z,2020-08-06T12:36:30Z,5.8669212962963,FALSE,60,media
TJSP_G1_10074858020198260224,23,secretaria,2020-08-06T12:36:30Z,2020-08-07T16:50:44Z,1.17655092592593,FALSE,11383,baixa
TJSP_G1_10074858020198260224,24,citacao,2020-08-07T16:50:44Z,2020-10-21T13:17:33Z,74.8519560185185,FALSE,60,media
TJSP_G1_10074858020198260224,25,conclusao,2020-10-21T13:17:33Z,2020-10-30T22:26:01Z,9.38087962962963,FALSE,51,alta
TJSP_G1_10074858020198260224,26,secretaria,2020-10-30T22:26:01Z,2020-12-04T21:50:08Z,34.9750810185185,FALSE,11010,baixa
TJSP_G1_10074858020198260224,27,conclusao,2020-12-04T21:50:08Z,2021-01-13T11:52:13Z,39.5847800925926,FALSE,51,alta
TJSP_G1_10074858020198260224,28,secretaria,2021-01-13T11:52:13Z,2021-01-27T18:02:32Z,14.2571643518519,FALSE,11010,baixa
TJSP_G1_10074858020198260224,29,conclusao,2021-01-27T18:02:32Z,2021-02-17T21:36:20Z,21.1484722222222,FALSE,51,alta
TJSP_G1_10074858020198260224,30,secretaria,2021-02-17T21:36:20Z,2021-06-01T07:58:05Z,103.431770833333,FALSE,11010,baixa
TJSP_G1_10074858020198260224,31,conclusao,2021-06-01T07:58:05Z,2021-06-16T11:26:55Z,15.1450231481482,FALSE,51,alta
TJSP_G1_10074858020198260224,32,secretaria,2021-06-16T11:26:55Z,2021-07-19T12:50:35Z,33.0581018518519,FALSE,11010,baixa
TJSP_G1_10074858020198260224,33,conclusao,2021-07-19T12:50:35Z,2021-07-21T18:49:56Z,2.24954861111111,FALSE,51,alta
TJSP_G1_10074858020198260224,34,secretaria,2021-07-21T18:49:56Z,2021-08-05T10:14:14Z,14.641875,FALSE,11010,baixa
TJSP_G1_10074858020198260224,35,conclusao,2021-08-05T10:14:14Z,2021-08-06T10:02:31Z,0.991863425925926,FALSE,51,alta
TJSP_G1_10074858020198260224,36,conclusao_julgamento,2021-08-06T10:02:31Z,2021-09-14T10:52:59Z,39.0350462962963,FALSE,51,alta
TJSP_G1_10074858020198260224,37,secretaria,2021-09-14T10:52:59Z,2021-11-03T09:19:25Z,49.9350231481482,FALSE,12164,baixa
TJSP_G1_10074858020198260224,38,conclusao,2021-11-03T09:19:25Z,2021-11-09T15:26:59Z,6.25525462962963,FALSE,51,alta
TJSP_G1_10074858020198260224,39,secretaria,2021-11-09T15:26:59Z,2021-11-23T10:10:57Z,13.7805324074074,FALSE,11010,baixa
TJSP_G1_10074858020198260224,40,conclusao,2021-11-23T10:10:57Z,2021-11-25T17:33:19Z,2.30719907407407,FALSE,51,alta
TJSP_G1_10074858020198260224,41,secretaria,2021-11-25T17:33:19Z,2022-03-04T18:55:17Z,99.0569212962963,FALSE,11010,baixa
TJSP_G1_10074858020198260224,42,conclusao,2022-03-04T18:55:17Z,2022-03-10T16:55:27Z,5.91678240740741,FALSE,51,alta
TJSP_G1_10074858020198260224,43,secretaria,2022-03-10T16:55:27Z,2022-05-20T14:38:07Z,70.9046296296296,FALSE,11010,baixa
TJSP_G1_10074858020198260224,44,conclusao,2022-05-20T14:38:07Z,2022-05-26T19:31:15Z,6.20356481481482,FALSE,51,alta
TJSP_G1_10074858020198260224,45,secretaria,2022-05-26T19:31:15Z,2022-07-15T09:41:44Z,49.5906134259259,FALSE,11010,baixa
TJSP_G1_10074858020198260224,46,conclusao,2022-07-15T09:41:44Z,2022-07-15T16:58:27Z,0.303275462962963,FALSE,51,alta
TJSP_G1_10074858020198260224,47,secretaria,2022-07-15T16:58:27Z,2022-10-27T14:38:20Z,103.902696759259,FALSE,11010,baixa
TJSP_G1_10074858020198260224,48,conclusao,2022-10-27T14:38:20Z,2022-11-04T08:36:15Z,7.74855324074074,FALSE,51,alta
TJSP_G1_10074858020198260224,49,secretaria,2022-11-04T08:36:15Z,2023-03-08T11:29:46Z,124.120497685185,FALSE,11010,baixa
TJSP_G1_10074858020198260224,50,conclusao,2023-03-08T11:29:46Z,2023-03-09T09:25:05Z,0.913414351851852,FALSE,51,alta
TJSP_G1_10074858020198260224,51,secretaria,2023-03-09T09:25:05Z,2023-05-31T11:47:33Z,83.0989351851852,FALSE,60,baixa
TJSP_G1_10074858020198260224,52,conclusao,2023-05-31T11:47:33Z,2023-07-11T11:55:53Z,41.005787037037,FALSE,51,alta
TJSP_G1_10074858020198260224,53,secretaria,2023-07-11T11:55:53Z,2023-10-20T10:31:14Z,100.941215277778,FALSE,11010,baixa
TJSP_G1_10074858020198260224,54,conclusao,2023-10-20T10:31:14Z,2024-01-30T16:22:18Z,102.243796296296,FALSE,51,alta
TJSP_G1_10074858020198260224,55,secretaria,2024-01-30T16:22:18Z,2024-02-14T16:56:52Z,15.0240046296296,FALSE,11010,baixa
TJSP_G1_10074858020198260224,56,conclusao,2024-02-14T16:56:52Z,2024-02-20T15:55:39Z,5.95748842592593,FALSE,51,alta
TJSP_G1_10074858020198260224,57,secretaria,2024-02-20T15:55:39Z,2024-04-22T14:19:43Z,61.9333796296296,FALSE,11010,baixa
TJSP_G1_10074858020198260224,58,conclusao,2024-04-22T14:19:43Z,2024-05-27T14:47:41Z,35.0194212962963,FALSE,51,alta
TJSP_G1_10074858020198260224,59,secretaria,2024-05-27T14:47:41Z,2024-06-06T11:59:48Z,9.88341435185185,FALSE,11010,baixa
TJSP_G1_10074858020198260224,60,conclusao,2024-06-06T11:59:48Z,2024-06-08T18:38:12Z,2.27666666666667,FALSE,51,alta
TJSP_G1_10074858020198260224,61,sentenca,2024-06-08T18:38:12Z,2024-06-10T02:09:40Z,1.31351851851852,FALSE,463,alta
TJSP_G1_10074858020198260224,62,secretaria,2024-06-10T02:09:40Z,2024-07-20T02:24:44Z,40.010462962963,TRUE,123,baixa
TJSP_G1_10081855620198260224,1,distribuicao,2019-03-14T11:34:15Z,2019-03-14T15:01:30Z,0.143923611111111,FALSE,26,alta
TJSP_G1_10081855620198260224,2,conclusao,2019-03-14T15:01:30Z,2019-03-15T12:11:24Z,0.881875,FALSE,51,alta
TJSP_G1_10081855620198260224,3,secretaria,2019-03-15T12:11:24Z,2019-04-16T15:49:23Z,32.1513773148148,FALSE,123,baixa
TJSP_G1_10081855620198260224,4,conclusao,2019-04-16T15:49:23Z,2019-04-17T16:31:29Z,1.02923611111111,FALSE,51,alta
TJSP_G1_10081855620198260224,5,secretaria,2019-04-17T16:31:29Z,2019-04-26T11:54:02Z,8.80732638888889,FALSE,12164,baixa
TJSP_G1_10081855620198260224,6,citacao,2019-04-26T11:54:02Z,2019-04-26T13:33:52Z,0.0693287037037037,FALSE,60,media
TJSP_G1_10081855620198260224,7,secretaria,2019-04-26T13:33:52Z,2019-07-26T11:53:03Z,90.9299884259259,FALSE,60,baixa
TJSP_G1_10081855620198260224,8,conclusao,2019-07-26T11:53:03Z,2019-08-26T16:13:18Z,31.1807291666667,FALSE,51,alta
TJSP_G1_10081855620198260224,9,instrucao,2019-08-26T16:13:18Z,2019-08-27T16:08:47Z,0.996863425925926,FALSE,12387,alta
TJSP_G1_10081855620198260224,10,secretaria,2019-08-27T16:08:47Z,2020-08-12T15:51:51Z,350.988240740741,FALSE,123,baixa
TJSP_G1_10081855620198260224,11,citacao,2020-08-12T15:51:51Z,2020-08-13T07:53:17Z,0.667662037037037,FALSE,60,media
TJSP_G1_10081855620198260224,12,secretaria,2020-08-13T07:53:17Z,2020-08-14T13:31:29Z,1.23486111111111,FALSE,92,baixa
TJSP_G1_10081855620198260224,13,conclusao,2020-08-14T13:31:29Z,2020-08-14T13:54:58Z,0.0163078703703704,FALSE,51,alta
TJSP_G1_10081855620198260224,14,secretaria,2020-08-14T13:54:58Z,2020-09-23T17:15:05Z,40.1389699074074,FALSE,12164,baixa
TJSP_G1_10081855620198260224,15,conclusao,2020-09-23T17:15:05Z,2020-10-13T13:38:56Z,19.8498958333333,FALSE,51,alta
TJSP_G1_10081855620198260224,16,secretaria,2020-10-13T13:38:56Z,2020-11-18T15:43:59Z,36.0868402777778,FALSE,12164,baixa
TJSP_G1_10081855620198260224,17,conclusao,2020-11-18T15:43:59Z,2020-11-20T14:48:27Z,1.96143518518519,FALSE,51,alta
TJSP_G1_10081855620198260224,18,instrucao,2020-11-20T14:48:27Z,2020-11-23T11:17:51Z,2.85375,FALSE,12387,alta
TJSP_G1_10081855620198260224,19,secretaria,2020-11-23T11:17:51Z,2021-09-27T16:54:33Z,308.233819444444,FALSE,123,baixa
TJSP_G1_10081855620198260224,20,conclusao_julgamento,2021-09-27T16:54:33Z,2021-11-11T14:00:06Z,44.8788541666667,FALSE,51,alta
TJSP_G1_10081855620198260224,21,secretaria,2021-11-11T14:00:06Z,2021-12-07T11:09:46Z,25.881712962963,FALSE,12164,baixa
TJSP_G1_10081855620198260224,22,conclusao_julgamento,2021-12-07T11:09:46Z,2022-03-28T17:45:57Z,111.275127314815,FALSE,51,alta
TJSP_G1_10081855620198260224,23,sentenca,2022-03-28T17:45:57Z,2022-03-29T06:33:39Z,0.533125,FALSE,219,alta
TJSP_G1_10081855620198260224,24,secretaria,2022-03-29T06:33:39Z,2022-05-20T10:21:32Z,52.1582523148148,FALSE,123,baixa
TJSP_G1_10081855620198260224,25,conclusao_julgamento,2022-05-20T10:21:32Z,2022-06-23T10:13:08Z,33.9941666666667,FALSE,51,alta
TJSP_G1_10081855620198260224,26,secretaria,2022-06-23T10:13:08Z,2022-12-05T12:28:15Z,165.093831018519,FALSE,60,baixa
TJSP_G1_10081855620198260224,27,recurso,2022-12-05T12:28:15Z,2023-06-26T19:21:55Z,203.287268518519,FALSE,123,alta
TJSP_G1_10081855620198260224,28,secretaria,2023-06-26T19:21:55Z,2023-08-08T16:03:33Z,42.8622453703704,FALSE,11383,baixa
TJSP_G1_10081855620198260224,29,conclusao,2023-08-08T16:03:33Z,2023-08-14T17:04:01Z,6.04199074074074,FALSE,51,alta
TJSP_G1_10081855620198260224,30,secretaria,2023-08-14T17:04:01Z,2024-07-20T05:26:19Z,340.515486111111,TRUE,12164,baixa
TJSP_G1_10099012120198260224,1,distribuicao,2019-03-26T14:03:19Z,2019-03-26T14:09:25Z,0.00423611111111111,FALSE,26,alta
TJSP_G1_10099012120198260224,2,conclusao,2019-03-26T14:09:25Z,2019-03-27T18:43:40Z,1.19045138888889,FALSE,51,alta
TJSP_G1_10099012120198260224,3,secretaria,2019-03-27T18:43:40Z,2019-04-17T12:35:56Z,20.7446296296296,FALSE,11010,baixa
TJSP_G1_10099012120198260224,4,conclusao,2019-04-17T12:35:56Z,2019-04-17T17:56:38Z,0.222708333333333,FALSE,51,alta
TJSP_G1_10099012120198260224,5,secretaria,2019-04-17T17:56:38Z,2019-04-23T17:03:56Z,5.96340277777778,FALSE,11010,baixa
TJSP_G1_10099012120198260224,6,citacao,2019-04-23T17:03:56Z,2019-04-25T09:24:05Z,1.68065972222222,FALSE,60,media
TJSP_G1_10099012120198260224,7,secretaria,2019-04-25T09:24:05Z,2019-05-27T12:18:28Z,32.121099537037,FALSE,92,baixa
TJSP_G1_10099012120198260224,8,conclusao,2019-05-27T12:18:28Z,2019-05-28T09:47:10Z,0.894930555555556,FALSE,51,alta
TJSP_G1_10099012120198260224,9,secretaria,2019-05-28T09:47:10Z,2019-07-11T09:52:41Z,44.0038310185185,FALSE,92,baixa
TJSP_G1_10099012120198260224,10,conclusao,2019-07-11T09:52:41Z,2019-07-11T19:40:00Z,0.407858796296296,FALSE,51,alta
TJSP_G1_10099012120198260224,11,secretaria,2019-07-11T19:40:00Z,2019-08-21T14:07:50Z,40.7693287037037,FALSE,12164,baixa
TJSP_G1_10099012120198260224,12,conclusao,2019-08-21T14:07:50Z,2019-09-20T18:24:54Z,30.1785185185185,FALSE,51,alta
TJSP_G1_10099012120198260224,13,secretaria,2019-09-20T18:24:54Z,2019-11-27T13:58:33Z,67.8150347222222,FALSE,12444,baixa
TJSP_G1_10099012120198260224,14,conclusao,2019-11-27T13:58:33Z,2020-01-20T15:19:56Z,54.0565162037037,FALSE,51,alta
TJSP_G1_10099012120198260224,15,secretaria,2020-01-20T15:19:56Z,2020-02-28T18:22:25Z,39.126724537037,FALSE,11010,baixa
TJSP_G1_10099012120198260224,16,conclusao,2020-02-28T18:22:25Z,2020-03-03T15:49:43Z,3.89395833333333,FALSE,51,alta
TJSP_G1_10099012120198260224,17,secretaria,2020-03-03T15:49:43Z,2020-05-08T11:21:46Z,65.8139236111111,FALSE,12164,baixa
TJSP_G1_10099012120198260224,18,conclusao,2020-05-08T11:21:46Z,2020-05-13T21:48:11Z,5.43501157407407,FALSE,51,alta
TJSP_G1_10099012120198260224,19,secretaria,2020-05-13T21:48:11Z,2020-10-02T13:29:09Z,141.653449074074,FALSE,12164,baixa
TJSP_G1_10099012120198260224,20,conclusao,2020-10-02T13:29:09Z,2020-10-16T16:42:17Z,14.1341203703704,FALSE,51,alta
TJSP_G1_10099012120198260224,21,instrucao,2020-10-16T16:42:17Z,2020-11-17T15:33:13Z,31.952037037037,FALSE,12387,alta
TJSP_G1_10099012120198260224,22,secretaria,2020-11-17T15:33:13Z,2021-06-16T15:25:28Z,210.994618055556,FALSE,60,baixa
TJSP_G1_10099012120198260224,23,citacao,2021-06-16T15:25:28Z,2021-06-17T10:33:39Z,0.797349537037037,FALSE,60,media
TJSP_G1_10099012120198260224,24,secretaria,2021-06-17T10:33:39Z,2021-11-10T15:40:37Z,146.213171296296,FALSE,123,baixa
TJSP_G1_10099012120198260224,25,conclusao,2021-11-10T15:40:37Z,2021-11-12T12:46:50Z,1.87931712962963,FALSE,51,alta
TJSP_G1_10099012120198260224,26,secretaria,2021-11-12T12:46:50Z,2022-03-10T11:06:25Z,117.930266203704,FALSE,60,baixa
TJSP_G1_10099012120198260224,27,conclusao_julgamento,2022-03-10T11:06:25Z,2022-05-08T21:55:46Z,59.4509375,FALSE,51,alta
TJSP_G1_10099012120198260224,28,sentenca,2022-05-08T21:55:46Z,2022-05-09T00:03:46Z,0.0888888888888889,FALSE,219,alta
TJSP_G1_10099012120198260224,29,secretaria,2022-05-09T00:03:46Z,2022-07-21T08:44:01Z,73.3612847222222,FALSE,123,baixa
TJSP_G1_10099012120198260224,30,recurso,2022-07-21T08:44:01Z,2024-04-18T10:02:56Z,637.054803240741,FALSE,123,alta
TJSP_G1_10099012120198260224,31,conclusao,2024-04-18T10:02:56Z,2024-04-22T10:11:40Z,4.00606481481482,FALSE,51,alta
TJSP_G1_10099012120198260224,32,secretaria,2024-04-22T10:11:40Z,2024-05-29T09:52:46Z,36.986875,FALSE,11010,baixa
TJSP_G1_10099012120198260224,33,cumprimento,2024-05-29T09:52:46Z,2024-05-29T09:53:42Z,0.000648148148148148,FALSE,11385,alta
TJSP_G1_10099012120198260224,34,conclusao,2024-05-29T09:53:42Z,2024-05-29T12:16:59Z,0.0995023148148148,FALSE,51,alta
TJSP_G1_10099012120198260224,35,secretaria,2024-05-29T12:16:59Z,2024-07-19T17:20:39Z,51.2108796296296,TRUE,11010,baixa
TJSP_G1_10104892820198260224,1,distribuicao,2019-03-29T11:01:40Z,2019-03-29T13:54:24Z,0.119953703703704,FALSE,26,alta
TJSP_G1_10104892820198260224,2,conclusao,2019-03-29T13:54:24Z,2019-04-01T13:30:39Z,2.98350694444444,FALSE,51,alta
TJSP_G1_10104892820198260224,3,secretaria,2019-04-01T13:30:39Z,2019-04-01T14:30:57Z,0.041875,FALSE,12164,baixa
TJSP_G1_10104892820198260224,4,citacao,2019-04-01T14:30:57Z,2019-04-01T14:41:53Z,0.00759259259259259,FALSE,60,media
TJSP_G1_10104892820198260224,5,secretaria,2019-04-01T14:41:53Z,2019-08-30T16:44:57Z,151.085462962963,FALSE,123,baixa
TJSP_G1_10104892820198260224,6,conclusao,2019-08-30T16:44:57Z,2019-09-20T12:47:47Z,20.8353009259259,FALSE,51,alta
TJSP_G1_10104892820198260224,7,secretaria,2019-09-20T12:47:47Z,2019-11-04T17:48:46Z,45.2090162037037,FALSE,12164,baixa
TJSP_G1_10104892820198260224,8,conclusao,2019-11-04T17:48:46Z,2019-12-10T10:55:23Z,35.7129282407407,FALSE,51,alta
TJSP_G1_10104892820198260224,9,secretaria,2019-12-10T10:55:23Z,2020-02-21T13:34:24Z,73.1104282407408,FALSE,12164,baixa
TJSP_G1_10104892820198260224,10,citacao,2020-02-21T13:34:24Z,2020-03-01T10:15:46Z,8.86206018518519,FALSE,60,media
TJSP_G1_10104892820198260224,11,secretaria,2020-03-01T10:15:46Z,2020-06-09T07:39:21Z,99.8913773148148,FALSE,11383,baixa
TJSP_G1_10104892820198260224,12,conclusao,2020-06-09T07:39:21Z,2020-06-10T09:06:20Z,1.06040509259259,FALSE,51,alta
TJSP_G1_10104892820198260224,13,secretaria,2020-06-10T09:06:20Z,2020-07-13T12:34:44Z,33.1447222222222,FALSE,11010,baixa
TJSP_G1_10104892820198260224,14,citacao,2020-07-13T12:34:44Z,2020-09-15T22:43:26Z,64.4227083333333,FALSE,60,media
TJSP_G1_10104892820198260224,15,secretaria,2020-09-15T22:43:26Z,2020-12-17T16:37:57Z,92.7461921296296,FALSE,11383,baixa
TJSP_G1_10104892820198260224,16,citacao,2020-12-17T16:37:57Z,2020-12-20T17:12:39Z,3.02409722222222,FALSE,60,media
TJSP_G1_10104892820198260224,17,secretaria,2020-12-20T17:12:39Z,2021-03-12T12:51:30Z,81.8186458333334,FALSE,11383,baixa
TJSP_G1_10104892820198260224,18,conclusao,2021-03-12T12:51:30Z,2021-04-19T17:53:32Z,38.2097453703704,FALSE,51,alta
TJSP_G1_10104892820198260224,19,secretaria,2021-04-19T17:53:32Z,2021-05-05T14:22:42Z,15.853587962963,FALSE,11010,baixa
TJSP_G1_10104892820198260224,20,conclusao,2021-05-05T14:22:42Z,2021-05-06T18:29:48Z,1.17159722222222,FALSE,51,alta
TJSP_G1_10104892820198260224,21,secretaria,2021-05-06T18:29:48Z,2021-06-15T13:09:52Z,39.7778240740741,FALSE,11010,baixa
TJSP_G1_10104892820198260224,22,conclusao,2021-06-15T13:09:52Z,2021-07-01T08:17:25Z,15.7969097222222,FALSE,51,alta
TJSP_G1_10104892820198260224,23,secretaria,2021-07-01T08:17:25Z,2021-07-21T12:06:46Z,20.1592708333333,FALSE,11010,baixa
TJSP_G1_10104892820198260224,24,conclusao,2021-07-21T12:06:46Z,2021-09-23T12:38:43Z,64.0221875,FALSE,51,alta
TJSP_G1_10104892820198260224,25,conclusao_julgamento,2021-09-23T12:38:43Z,2021-09-27T16:45:37Z,4.17145833333333,FALSE,51,alta
TJSP_G1_10104892820198260224,26,sentenca,2021-09-27T16:45:37Z,2021-09-28T14:01:12Z,0.885821759259259,FALSE,219,alta
TJSP_G1_10104892820198260224,27,secretaria,2021-09-28T14:01:12Z,2022-04-01T12:58:08Z,184.956203703704,FALSE,123,baixa
TJSP_G1_10104892820198260224,28,baixa,2022-04-01T12:58:08Z,2023-08-07T09:51:27Z,492.870358796296,FALSE,246,alta
TJSP_G1_10104892820198260224,29,secretaria,2023-08-07T09:51:27Z,2024-02-14T09:07:08Z,190.969224537037,FALSE,11383,baixa
TJSP_G1_10104892820198260224,30,conclusao,2024-02-14T09:07:08Z,2024-02-14T12:31:03Z,0.141608796296296,FALSE,51,alta
TJSP_G1_10104892820198260224,31,secretaria,2024-02-14T12:31:03Z,2024-07-20T01:36:19Z,156.545324074074,TRUE,12164,baixa
TJSP_G1_10401127020198260602,1,distribuicao,2019-10-29T14:46:06Z,2019-10-29T15:04:55Z,0.0130671296296296,FALSE,26,alta
TJSP_G1_10401127020198260602,2,conclusao,2019-10-29T15:04:55Z,2019-11-07T17:44:34Z,9.11086805555555,FALSE,51,alta
TJSP_G1_10401127020198260602,3,secretaria,2019-11-07T17:44:34Z,2019-11-13T12:50:08Z,5.79553240740741,FALSE,11010,baixa
TJSP_G1_10401127020198260602,4,conclusao,2019-11-13T12:50:08Z,2019-11-22T13:28:58Z,9.02696759259259,FALSE,51,alta
TJSP_G1_10401127020198260602,5,secretaria,2019-11-22T13:28:58Z,2020-01-10T11:17:26Z,48.9086574074074,FALSE,12164,baixa
TJSP_G1_10401127020198260602,6,conclusao,2020-01-10T11:17:26Z,2020-01-13T13:48:51Z,3.10515046296296,FALSE,51,alta
TJSP_G1_10401127020198260602,7,secretaria,2020-01-13T13:48:51Z,2020-02-12T18:29:28Z,30.1948726851852,FALSE,12164,baixa
TJSP_G1_10401127020198260602,8,citacao,2020-02-12T18:29:28Z,2020-03-27T16:24:28Z,43.9131944444444,FALSE,60,media
TJSP_G1_10401127020198260602,9,conclusao_julgamento,2020-03-27T16:24:28Z,2020-04-01T23:56:48Z,5.31412037037037,FALSE,51,alta
TJSP_G1_10401127020198260602,10,sentenca,2020-04-01T23:56:48Z,2020-05-20T19:15:36Z,48.8047222222222,FALSE,221,alta
TJSP_G1_10401127020198260602,11,secretaria,2020-05-20T19:15:36Z,2021-06-11T13:22:38Z,386.754884259259,FALSE,123,baixa
TJSP_G1_10401127020198260602,12,conclusao,2021-06-11T13:22:38Z,2021-06-14T18:47:27Z,3.22556712962963,FALSE,51,alta
TJSP_G1_10401127020198260602,13,secretaria,2021-06-14T18:47:27Z,2021-08-11T14:11:34Z,57.8084143518519,FALSE,11010,baixa
TJSP_G1_10401127020198260602,14,conclusao,2021-08-11T14:11:34Z,2021-08-13T19:01:20Z,2.20122685185185,FALSE,51,alta
TJSP_G1_10401127020198260602,15,secretaria,2021-08-13T19:01:20Z,2021-08-19T14:10:59Z,5.79836805555556,FALSE,12164,baixa
TJSP_G1_10401127020198260602,16,baixa,2021-08-19T14:10:59Z,2021-08-30T10:14:06Z,10.8354976851852,FALSE,246,alta
TJSP_G1_10401127020198260602,17,secretaria,2021-08-30T10:14:06Z,2024-08-02T00:22:21Z,1067.5890625,TRUE,60,baixa
TJSP_JE_00065356020198260007,1,distribuicao,2019-03-25T17:07:31Z,2019-03-25T17:08:34Z,0.000729166666666667,FALSE,26,alta
TJSP_JE_00065356020198260007,2,audiencia,2019-03-25T17:08:34Z,2019-03-29T16:02:03Z,3.95380787037037,FALSE,970,alta
TJSP_JE_00065356020198260007,3,secretaria,2019-03-29T16:02:03Z,2019-04-01T18:46:31Z,3.11421296296296,FALSE,60,baixa
TJSP_JE_00065356020198260007,4,citacao,2019-04-01T18:46:31Z,2019-05-17T15:19:48Z,45.8564467592593,FALSE,60,media
TJSP_JE_00065356020198260007,5,secretaria,2019-05-17T15:19:48Z,2019-05-17T15:21:35Z,0.00123842592592593,FALSE,60,baixa
TJSP_JE_00065356020198260007,6,conclusao_julgamento,2019-05-17T15:21:35Z,2019-05-20T14:44:26Z,2.97420138888889,FALSE,51,alta
TJSP_JE_00065356020198260007,7,sentenca,2019-05-20T14:44:26Z,2019-05-21T09:02:32Z,0.762569444444444,FALSE,219,alta
TJSP_JE_00065356020198260007,8,citacao,2019-05-21T09:02:32Z,2019-06-10T14:28:45Z,20.2265393518519,FALSE,60,media
TJSP_JE_00065356020198260007,9,conclusao,2019-06-10T14:28:45Z,2019-06-27T22:33:15Z,17.3364583333333,FALSE,51,alta
TJSP_JE_00065356020198260007,10,secretaria,2019-06-27T22:33:15Z,2019-07-30T16:59:56Z,32.7685300925926,FALSE,11383,baixa
TJSP_JE_00065356020198260007,11,citacao,2019-07-30T16:59:56Z,2019-08-13T10:08:58Z,13.7146064814815,FALSE,60,media
TJSP_JE_00065356020198260007,12,conclusao,2019-08-13T10:08:58Z,2019-08-13T11:08:02Z,0.0410185185185185,FALSE,51,alta
TJSP_JE_00065356020198260007,13,secretaria,2019-08-13T11:08:02Z,2019-08-20T18:48:56Z,7.32006944444444,FALSE,11010,baixa
TJSP_JE_00065356020198260007,14,citacao,2019-08-20T18:48:56Z,2019-10-22T17:53:43Z,62.9616550925926,FALSE,60,media
TJSP_JE_00065356020198260007,15,secretaria,2019-10-22T17:53:43Z,2019-10-23T04:34:14Z,0.444803240740741,FALSE,11383,baixa
TJSP_JE_00065356020198260007,16,citacao,2019-10-23T04:34:14Z,2019-11-12T11:49:00Z,20.3019212962963,FALSE,60,media
TJSP_JE_00065356020198260007,17,conclusao,2019-11-12T11:49:00Z,2019-11-19T16:49:14Z,7.20849537037037,FALSE,51,alta
TJSP_JE_00065356020198260007,18,secretaria,2019-11-19T16:49:14Z,2019-11-26T11:03:33Z,6.75994212962963,FALSE,11010,baixa
TJSP_JE_00065356020198260007,19,baixa,2019-11-26T11:03:33Z,2020-01-08T18:11:59Z,43.2975231481482,FALSE,246,alta
TJSP_JE_00065356020198260007,20,conclusao,2020-01-08T18:11:59Z,2020-01-14T15:59:30Z,5.90799768518519,FALSE,51,alta
TJSP_JE_00065356020198260007,21,secretaria,2020-01-14T15:59:30Z,2020-02-14T14:33:43Z,30.9404282407407,FALSE,11010,baixa
TJSP_JE_00065356020198260007,22,conclusao,2020-02-14T14:33:43Z,2020-02-17T13:11:26Z,2.9428587962963,FALSE,51,alta
TJSP_JE_00065356020198260007,23,secretaria,2020-02-17T13:11:26Z,2020-02-19T12:36:59Z,1.97607638888889,FALSE,11010,baixa
TJSP_JE_00065356020198260007,24,baixa,2020-02-19T12:36:59Z,2020-06-01T09:55:37Z,102.887939814815,FALSE,246,alta
TJSP_JE_00065356020198260007,25,secretaria,2020-06-01T09:55:37Z,2024-08-02T00:08:44Z,1522.59244212963,TRUE,60,baixa
